12:22:05.018 -> -0.27,0.02,0.97,5.98,1.89,-0.43
12:22:05.114 -> -0.35,0.03,0.97,6.90,-5.80,3.72
12:22:05.209 -> -0.24,0.11,1.00,16.72,-8.24,2.69
12:22:05.311 -> -0.11,0.13,0.95,10.86,-8.00,-4.70
12:22:05.398 -> -0.06,0.16,0.95,7.93,-14.47,-14.65
12:22:05.493 -> -0.02,0.16,0.99,12.57,-20.20,-22.64
12:22:05.594 -> 0.06,0.18,0.98,4.70,-15.14,-22.34
12:22:05.737 -> 0.09,0.21,0.93,0.61,-8.00,-10.93
12:22:05.829 -> 0.12,0.22,0.94,-8.06,3.78,4.46
12:22:05.914 -> 0.09,0.20,0.95,-6.53,12.39,12.94
12:22:06.009 -> 0.02,0.17,1.04,29.05,18.37,15.01
12:22:06.139 -> -0.11,0.11,1.09,-2.62,29.36,21.12
12:22:06.234 -> -0.21,0.16,0.91,-6.59,30.82,23.99
12:22:06.330 -> -0.31,0.17,0.91,-0.18,14.89,17.88
12:22:06.426 -> -0.35,0.23,0.91,1.22,2.38,8.36
12:22:06.522 -> -0.38,0.19,0.93,1.40,-2.62,-2.75
12:22:06.618 -> -0.31,0.19,0.95,-6.23,-6.96,-8.61
12:22:06.714 -> -0.31,0.17,0.97,-13.67,-17.76,-16.42
12:22:06.810 -> -0.20,0.14,0.98,8.36,-27.65,-25.15
12:22:06.907 -> -0.06,0.14,1.00,25.39,-32.59,-29.54
12:22:07.003 -> 0.04,0.21,0.94,12.27,-25.63,-29.91
12:22:07.099 -> 0.13,0.24,0.99,26.43,-17.27,-17.15
12:22:07.194 -> 0.11,0.30,0.95,-0.24,-10.13,-12.88
12:22:07.328 -> 0.16,0.31,0.94,6.59,3.97,4.58
12:22:07.423 -> 0.10,0.31,0.97,-19.29,17.64,13.85
12:22:07.521 -> 0.05,0.25,0.97,-23.32,33.14,16.24
12:22:07.617 -> -0.04,0.21,0.98,-8.30,34.42,20.39
12:22:07.714 -> -0.20,0.19,0.95,-22.89,29.66,10.80
12:22:07.810 -> -0.24,0.14,0.94,-6.71,9.77,1.10
12:22:07.906 -> -0.30,0.10,0.97,1.46,0.73,-0.49
12:22:08.003 -> -0.32,0.12,0.98,2.26,-3.23,-2.56
12:22:08.108 -> -0.27,0.11,0.95,2.38,-3.85,-0.06
12:22:08.205 -> -0.28,0.13,0.97,5.00,-10.01,1.83
12:22:08.301 -> -0.25,0.13,1.00,3.72,-15.44,-1.46
12:22:08.397 -> -0.17,0.14,0.97,4.46,-17.94,-9.16
12:22:08.493 -> -0.08,0.14,1.00,9.83,-25.70,-15.63
12:22:08.636 -> 0.06,0.19,1.01,19.47,-18.62,-20.39
12:22:08.732 -> 0.12,0.25,0.93,8.48,-8.85,-15.99
12:22:08.828 -> 0.09,0.31,0.94,14.59,-4.03,-7.93
12:22:08.923 -> 0.11,0.28,0.94,-3.23,3.78,0.00
12:22:09.020 -> 0.10,0.25,0.95,0.61,12.88,12.94
12:22:09.117 -> 0.07,0.24,0.97,-20.63,26.92,17.88
12:22:09.212 -> -0.08,0.23,0.89,-27.10,22.71,14.53
12:22:09.308 -> -0.13,0.17,0.99,-11.84,19.71,14.47
12:22:09.396 -> -0.25,0.14,0.99,-8.79,17.40,4.88
12:22:09.492 -> -0.29,0.13,0.98,-1.71,6.41,-0.06
12:22:09.635 -> -0.33,0.11,0.98,1.34,1.95,-0.92
12:22:09.730 -> -0.26,0.10,0.95,-1.59,0.06,-0.12
12:22:09.826 -> -0.29,0.11,0.96,1.83,-4.88,4.09
12:22:09.923 -> -0.28,0.12,0.98,-6.04,-12.51,-0.06
12:22:10.019 -> -0.21,0.12,0.99,11.54,-16.11,-2.81
12:22:10.115 -> -0.08,0.16,1.00,16.05,-18.68,-9.34
12:22:10.211 -> -0.03,0.19,1.00,15.01,-19.84,-16.85
12:22:10.308 -> 0.05,0.26,0.95,11.90,-15.50,-20.08
12:22:10.402 -> 0.08,0.24,0.96,1.77,-9.03,-12.88
12:22:10.498 -> 0.08,0.27,0.94,-6.23,-2.56,-6.47
12:22:10.592 -> 0.11,0.26,0.96,3.11,7.32,6.84
12:22:10.737 -> 0.06,0.26,0.97,-10.50,19.96,13.85
12:22:10.833 -> 0.03,0.18,0.98,-9.70,33.81,24.60
12:22:10.928 -> -0.11,0.24,0.97,0.73,37.72,24.17
12:22:11.024 -> -0.25,0.19,0.92,-18.68,28.26,10.93
12:22:11.121 -> -0.31,0.17,0.90,-12.82,13.43,-15.26
12:22:11.217 -> -0.39,0.17,0.97,-1.53,-0.12,-4.76
12:22:11.313 -> -0.35,0.11,0.96,1.59,1.59,-7.45
12:22:11.399 -> -0.32,0.12,0.93,0.37,1.10,-1.65
12:22:11.496 -> -0.38,0.14,0.93,-2.44,-9.09,-3.54
12:22:11.640 -> -0.34,0.10,0.97,-1.46,-19.53,-9.09
12:22:11.736 -> -0.29,0.11,0.97,19.23,-26.12,-14.40
12:22:11.831 -> -0.08,0.13,1.00,19.71,-32.04,-22.22
12:22:11.929 -> 0.01,0.21,0.97,25.21,-24.48,-22.46
12:22:12.024 -> 0.10,0.32,0.93,18.80,-17.03,-20.63
12:22:12.114 -> 0.08,0.31,0.90,-5.25,-4.21,-5.86
12:22:12.211 -> 0.10,0.28,0.96,-5.86,7.20,6.23
12:22:12.293 -> 0.09,0.20,1.00,-17.40,23.25,22.95
12:22:12.437 -> 0.06,0.18,1.00,-15.20,38.76,30.76
12:22:12.534 -> -0.08,0.21,0.94,-20.51,37.41,22.46
12:22:12.629 -> -0.30,0.07,0.96,-18.98,22.09,3.60
12:22:12.725 -> -0.40,0.07,0.99,-5.43,8.85,-1.22
12:22:12.822 -> -0.37,0.09,0.94,3.78,3.36,-2.50
12:22:12.917 -> -0.35,0.09,0.94,-0.67,2.38,-2.69
12:22:13.012 -> -0.38,0.08,0.94,-0.67,-0.31,0.00
12:22:13.106 -> -0.42,0.09,0.96,0.85,-3.72,0.49
12:22:13.203 -> -0.38,0.07,0.95,0.79,-15.44,-1.28
12:22:13.299 -> -0.23,0.12,0.88,46.14,-29.91,-10.99
12:22:13.434 -> -0.08,0.22,0.93,33.20,-37.23,-18.19
12:22:13.529 -> 0.02,0.27,0.94,16.17,-31.37,-24.05
12:22:13.624 -> 0.09,0.25,0.96,-4.64,-19.23,-23.50
12:22:13.720 -> 0.09,0.28,0.95,-13.12,-1.89,-4.70
12:22:13.816 -> 0.08,0.28,0.96,-8.48,9.77,10.86
12:22:13.912 -> 0.08,0.26,0.95,-22.22,27.28,22.83
12:22:14.008 -> 0.01,0.19,0.99,-13.24,41.08,28.56
12:22:14.106 -> -0.18,0.16,0.96,-27.89,38.70,18.86
12:22:14.203 -> -0.32,0.12,0.96,-22.64,27.53,5.31
12:22:14.298 -> -0.46,0.09,0.94,-11.96,7.75,-4.39
12:22:14.394 -> -0.48,0.06,0.95,9.64,-3.72,-5.62
12:22:14.539 -> -0.36,0.05,0.93,6.59,-3.48,-1.89
12:22:14.635 -> -0.38,0.09,0.91,-0.37,-6.41,0.55
12:22:14.730 -> -0.44,0.10,0.95,-11.96,-18.37,-9.64
12:22:14.826 -> -0.35,0.09,1.01,21.61,-26.31,-16.17
12:22:14.921 -> -0.16,0.11,0.95,29.11,-34.36,-34.61
12:22:15.017 -> 0.08,0.13,1.00,28.87,-30.52,-34.61
12:22:15.113 -> 0.08,0.23,0.96,11.47,-28.14,-28.26
12:22:15.209 -> 0.09,0.32,0.95,8.91,-5.74,-3.97
12:22:15.305 -> 0.07,0.28,0.94,-0.55,7.20,11.05
12:22:15.437 -> 0.06,0.35,0.90,-14.47,21.06,18.98
12:22:15.533 -> -0.03,0.25,0.97,2.01,16.24,17.82
12:22:15.629 -> -0.14,0.28,1.03,9.83,-0.12,-3.66
12:22:15.724 -> -0.06,0.28,0.99,-1.77,25.76,0.85
12:22:15.821 -> -0.08,0.17,0.90,-35.40,43.03,16.85
12:22:15.916 -> -0.29,0.18,0.88,-20.26,33.02,18.07
12:22:16.013 -> -0.44,0.11,0.96,-9.58,8.91,6.71
12:22:16.108 -> -0.33,0.13,0.97,0.43,-1.71,0.85
12:22:16.233 -> -0.29,0.16,0.95,4.33,-4.52,2.38
12:22:16.330 -> -0.39,0.21,0.96,0.37,-17.21,-4.58
12:22:16.426 -> -0.31,0.14,0.96,7.51,-25.15,-15.93
12:22:16.507 -> -0.19,0.16,0.96,34.73,-34.97,-30.03
12:22:16.603 -> 0.01,0.26,0.97,36.13,-35.16,-36.99
12:22:16.699 -> 0.04,0.28,0.94,16.78,-17.33,-25.70
12:22:16.794 -> 0.07,0.29,0.96,1.77,-8.67,-8.91
12:22:16.936 -> 0.07,0.31,0.93,-7.02,12.51,11.78
12:22:17.032 -> 0.06,0.26,0.96,-36.56,28.08,27.77
12:22:17.127 -> -0.05,0.22,0.95,-44.01,44.62,37.78
12:22:17.224 -> -0.22,0.16,1.00,-23.68,44.62,38.94
12:22:17.307 -> -0.42,0.11,0.96,-23.99,31.43,22.34
12:22:17.402 -> -0.46,0.12,0.91,-5.92,15.81,8.36
12:22:17.495 -> -0.48,0.12,0.89,-1.46,5.74,-2.01
12:22:17.623 -> -0.47,0.11,0.90,3.54,-4.15,-3.42
12:22:17.720 -> -0.43,0.11,0.91,-0.49,-6.47,-2.81
12:22:17.815 -> -0.46,0.11,0.90,-11.72,-19.59,-7.75
12:22:17.912 -> -0.31,0.08,0.98,16.85,-31.37,-17.46
12:22:18.008 -> -0.14,0.13,0.96,25.94,-29.42,-26.67
12:22:18.104 -> -0.06,0.18,0.94,28.81,-26.43,-21.85
12:22:18.235 -> -0.02,0.28,0.95,31.31,-22.58,-14.89
12:22:18.331 -> 0.04,0.31,0.93,9.16,-9.40,-6.84
12:22:18.410 -> 0.02,0.30,0.93,-0.24,1.22,4.88
12:22:18.506 -> 0.08,0.28,0.97,-15.99,19.84,20.63
12:22:18.602 -> 0.03,0.27,0.98,-19.17,46.51,33.45
12:22:18.698 -> -0.18,0.19,0.92,-35.71,40.89,22.28
12:22:18.794 -> -0.37,0.13,0.88,-22.52,20.51,5.92
12:22:18.938 -> -0.45,0.11,0.95,-2.20,4.52,-0.12
12:22:19.035 -> -0.43,0.10,0.95,1.71,5.80,-2.93
12:22:19.130 -> -0.42,0.09,0.94,-0.61,0.37,-2.81
12:22:19.227 -> -0.48,0.10,0.95,6.90,-8.00,-0.79
12:22:19.322 -> -0.40,0.07,0.96,3.36,-25.02,-13.79
12:22:19.424 -> -0.23,0.12,0.94,37.11,-35.22,-25.76
12:22:19.520 -> 0.00,0.23,0.95,27.28,-38.27,-34.55
12:22:19.615 -> 0.02,0.21,0.94,14.83,-16.78,-11.47
12:22:19.712 -> 0.04,0.28,0.94,9.52,-4.09,2.87
12:22:19.808 -> 0.01,0.31,0.94,-14.47,7.75,11.60
12:22:19.905 -> 0.01,0.21,0.98,-26.31,25.82,22.95
12:22:20.001 -> -0.08,0.19,1.01,-34.12,36.56,22.58
12:22:20.098 -> -0.24,0.09,1.01,-32.59,39.25,22.40
12:22:20.235 -> -0.45,0.04,0.93,-31.19,27.89,11.84
12:22:20.331 -> -0.55,0.04,0.92,-2.69,8.67,-0.98
12:22:20.421 -> -0.40,0.02,0.89,8.36,2.44,-4.52
12:22:20.515 -> -0.41,0.01,0.91,0.61,-0.98,-2.38
12:22:20.609 -> -0.47,0.08,0.94,4.33,-9.77,-4.15
12:22:20.706 -> -0.41,0.07,0.94,12.51,-18.55,-14.04
12:22:20.800 -> -0.27,0.06,0.96,20.08,-25.21,-19.23
12:22:20.895 -> -0.17,0.10,0.96,23.19,-25.09,-19.23
12:22:21.030 -> -0.11,0.16,0.96,26.86,-22.40,-19.10
12:22:21.126 -> -0.04,0.21,0.95,20.26,-16.60,-14.10
12:22:21.223 -> 0.00,0.25,0.95,-6.04,-2.56,-1.04
12:22:21.320 -> -0.03,0.24,0.95,-10.19,7.20,8.91
12:22:21.416 -> -0.00,0.23,0.96,-24.48,25.27,16.85
12:22:21.509 -> -0.18,0.16,0.93,-27.83,31.68,15.14
12:22:21.605 -> -0.40,0.10,0.95,-16.17,14.59,2.75
12:22:21.700 -> -0.39,0.04,0.97,-10.74,5.86,-6.59
12:22:21.797 -> -0.36,0.01,0.95,-4.82,5.43,-2.81
12:22:21.894 -> -0.39,0.04,0.95,-1.16,0.67,-0.18
12:22:22.039 -> -0.40,0.03,0.99,2.01,-1.10,1.22
12:22:22.135 -> -0.42,0.06,0.98,2.38,-2.81,2.26
12:22:22.233 -> -0.33,0.05,0.97,-2.01,-13.98,-5.31
12:22:22.330 -> -0.22,0.06,0.95,19.17,-15.44,-9.70
12:22:22.425 -> -0.15,0.11,0.93,18.43,-18.31,-14.89
12:22:22.521 -> -0.10,0.15,0.92,-5.55,-17.33,-16.17
12:22:22.617 -> -0.05,0.15,0.96,11.29,-10.38,-8.24
12:22:22.713 -> -0.01,0.16,0.98,4.03,-1.04,-0.12
12:22:22.809 -> -0.01,0.17,0.99,-1.28,11.35,9.09
12:22:22.905 -> -0.03,0.16,1.00,-16.66,33.75,18.43
12:22:23.002 -> -0.23,0.11,0.89,-15.99,35.71,18.55
12:22:23.097 -> -0.38,0.06,0.91,-16.48,21.18,6.29
12:22:23.192 -> -0.46,0.02,0.93,-10.13,8.61,-1.95
12:22:23.334 -> -0.46,-0.00,0.97,0.61,1.46,-0.79
12:22:23.433 -> -0.39,0.04,0.94,-1.65,1.77,2.75
12:22:23.529 -> -0.45,0.04,0.93,2.14,-4.09,3.30
12:22:23.625 -> -0.47,0.08,0.94,-6.53,-13.98,-5.07
12:22:23.721 -> -0.37,0.01,0.95,15.81,-22.46,-9.58
12:22:23.817 -> -0.23,0.08,0.92,18.25,-31.68,-20.51
12:22:23.914 -> -0.08,0.16,0.93,23.74,-29.48,-26.25
12:22:24.010 -> 0.00,0.17,0.96,28.50,-21.48,-13.49
12:22:24.107 -> 0.05,0.20,0.98,3.85,-7.63,-2.08
12:22:24.205 -> 0.05,0.22,1.01,6.96,10.68,13.24
12:22:24.293 -> 0.08,0.24,1.03,1.83,41.38,24.66
12:22:24.436 -> -0.18,0.17,0.87,-6.59,45.17,29.24
12:22:24.533 -> -0.40,0.24,0.88,-24.66,24.11,10.38
12:22:24.630 -> -0.52,0.16,0.91,-13.79,5.80,-7.32
12:22:24.725 -> -0.40,0.12,0.91,-5.55,4.21,-8.24
12:22:24.821 -> -0.40,0.12,0.92,-7.57,2.08,-1.83
12:22:24.918 -> -0.43,0.13,0.97,-2.75,1.28,-1.10
12:22:25.014 -> -0.47,0.13,0.95,1.89,2.87,1.89
12:22:25.109 -> -0.45,0.12,0.91,-8.79,-14.16,-5.49
12:22:25.204 -> -0.34,0.28,0.87,25.82,-20.57,-10.19
12:22:25.300 -> -0.20,0.12,0.90,12.94,-25.70,-21.67
12:22:25.395 -> -0.10,0.14,0.95,13.12,-30.15,-17.70
12:22:25.534 -> -0.01,0.18,1.00,9.28,-19.65,-12.33
12:22:25.631 -> 0.05,0.24,0.99,-4.03,0.73,-2.81
12:22:25.728 -> 0.02,0.19,0.98,-3.85,20.02,13.85
12:22:25.824 -> -0.12,0.16,0.98,-4.03,37.84,23.86
12:22:25.920 -> -0.29,0.24,0.94,-7.45,30.82,16.42
12:22:26.015 -> -0.40,0.19,0.91,-14.65,18.92,2.56
12:22:26.111 -> -0.44,0.10,0.88,-20.87,10.50,-7.69
12:22:26.207 -> -0.52,0.06,0.91,0.31,0.92,-2.87
12:22:26.337 -> -0.46,0.09,0.93,3.36,1.28,1.34
12:22:26.432 -> -0.44,0.11,0.89,-1.53,3.17,3.97
12:22:26.529 -> -0.48,0.10,0.89,7.51,-4.09,4.52
12:22:26.624 -> -0.47,0.14,0.92,-28.14,-19.53,-4.03
12:22:26.721 -> -0.36,0.13,0.92,10.99,-22.71,-8.18
12:22:26.817 -> -0.23,0.11,0.95,28.26,-28.44,-17.27
12:22:26.913 -> -0.15,0.30,0.86,18.62,-31.80,-21.97
12:22:27.009 -> -0.02,0.23,0.95,22.03,-23.32,-19.17
12:22:27.106 -> 0.04,0.23,0.97,-3.36,-7.51,-9.70
12:22:27.202 -> 0.05,0.23,0.96,-11.78,10.68,7.20
12:22:27.297 -> 0.03,0.21,1.02,7.20,29.42,20.32
12:22:27.393 -> -0.11,0.18,0.99,-19.96,42.48,22.09
12:22:27.495 -> -0.27,0.20,0.91,-15.69,34.00,19.71
12:22:27.638 -> -0.47,0.16,0.88,-10.13,15.14,8.42
12:22:27.734 -> -0.45,0.13,0.95,4.52,7.45,1.28
12:22:27.830 -> -0.49,0.15,0.92,-1.71,8.18,1.04
12:22:27.926 -> -0.50,0.13,0.87,-7.45,-1.77,0.37
12:22:28.021 -> -0.38,0.12,0.88,-3.85,0.12,3.85
12:22:28.118 -> -0.51,0.16,0.86,-6.96,-9.83,3.17
12:22:28.215 -> -0.41,0.19,0.92,12.21,-27.59,-8.42
12:22:28.309 -> -0.27,0.17,0.92,15.01,-40.71,-25.02
12:22:28.403 -> -0.06,0.25,0.96,38.39,-41.08,-24.72
12:22:28.497 -> 0.01,0.26,0.99,14.83,-20.57,-16.72
12:22:28.613 -> 0.01,0.31,0.95,8.18,-4.82,-5.49
12:22:28.710 -> 0.01,0.24,0.95,-25.02,20.51,7.51
12:22:28.807 -> -0.01,0.23,0.90,-29.60,40.10,27.83
12:22:28.903 -> -0.11,0.28,0.93,1.40,38.88,38.33
12:22:28.998 -> -0.32,0.21,0.93,-26.00,35.52,10.56
12:22:29.093 -> -0.44,0.15,0.93,-21.48,23.86,-6.96
12:22:29.238 -> -0.59,0.09,0.90,-7.20,10.74,-6.84
12:22:29.334 -> -0.51,0.12,0.90,0.67,5.43,-2.14
12:22:29.429 -> -0.45,0.11,0.86,-1.46,2.69,-1.89
12:22:29.499 -> -0.50,0.10,0.87,3.78,-6.29,0.06
12:22:29.594 -> -0.57,0.17,0.88,-8.67,-18.68,-2.75
12:22:29.739 -> -0.47,0.07,0.93,-2.44,-32.53,-8.79
12:22:29.834 -> -0.30,0.07,0.95,21.18,-36.25,-15.08
12:22:29.931 -> -0.15,0.14,0.93,11.05,-32.59,-29.60
12:22:30.028 -> -0.01,0.10,0.97,30.33,-30.03,-17.21
12:22:30.124 -> 0.01,0.22,0.97,12.63,-17.94,-10.80
12:22:30.221 -> 0.07,0.30,0.96,-6.16,2.08,1.28
12:22:30.317 -> 0.03,0.24,0.95,-17.40,21.79,14.65
12:22:30.412 -> -0.07,0.22,0.96,-12.51,30.52,18.86
12:22:30.507 -> -0.18,0.08,0.98,-52.55,30.58,17.15
12:22:30.601 -> -0.25,0.07,0.93,-22.77,36.07,13.24
12:22:30.697 -> -0.46,0.03,0.89,-13.00,23.38,0.49
12:22:30.793 -> -0.48,0.01,0.93,5.49,18.25,-1.83
12:22:30.937 -> -0.51,0.00,0.90,8.00,11.66,2.26
12:22:31.033 -> -0.49,0.04,0.87,5.74,-3.30,3.30
12:22:31.129 -> -0.41,0.03,0.89,0.06,-3.66,-3.30
12:22:31.225 -> -0.49,0.01,0.90,-3.05,-4.33,0.18
12:22:31.321 -> -0.57,0.11,0.90,6.29,-14.22,-4.76
12:22:31.415 -> -0.44,0.01,0.93,6.04,-32.47,-10.31
12:22:31.502 -> -0.23,0.04,0.94,18.07,-38.27,-15.32
12:22:31.598 -> -0.06,0.17,0.99,4.21,-37.11,-23.32
12:22:31.694 -> -0.04,0.08,0.97,27.04,-29.66,-23.99
12:22:31.837 -> 0.02,0.12,1.00,13.18,-19.65,-18.62
12:22:31.934 -> 0.04,0.20,0.97,6.47,-7.26,-8.91
12:22:32.030 -> 0.07,0.14,1.00,5.49,8.97,12.39
12:22:32.125 -> 0.07,0.15,1.01,-25.09,28.08,23.62
12:22:32.220 -> 0.01,0.05,0.99,-39.12,42.05,29.91
12:22:32.302 -> -0.16,0.10,0.98,-14.34,50.66,27.10
12:22:32.440 -> -0.32,0.03,0.93,-13.18,32.29,17.64
12:22:32.535 -> -0.47,-0.05,0.93,-6.23,6.23,8.73
12:22:32.630 -> -0.54,-0.01,0.93,-3.72,-3.36,-7.63
12:22:32.726 -> -0.54,-0.02,1.00,-1.65,3.97,1.40
12:22:32.820 -> -0.40,0.05,0.92,5.92,-3.36,1.46
12:22:32.916 -> -0.44,0.05,0.92,4.39,-3.17,0.73
12:22:33.012 -> -0.51,0.05,0.93,2.01,-13.92,-4.27
12:22:33.109 -> -0.39,0.03,0.95,-1.53,-21.73,-10.01
12:22:33.204 -> -0.27,0.01,0.96,8.73,-22.52,-16.78
12:22:33.300 -> -0.14,0.08,0.95,22.52,-19.17,-21.42
12:22:33.396 -> -0.06,0.13,0.92,12.27,-16.85,-19.96
12:22:33.498 -> 0.00,0.15,0.98,12.27,-11.11,-11.41
12:22:33.593 -> 0.02,0.17,0.99,-7.45,7.08,2.20
12:22:33.726 -> -0.02,0.14,0.99,-3.36,21.67,16.48
12:22:33.822 -> -0.07,0.11,0.99,-4.39,32.71,31.01
12:22:33.918 -> -0.27,0.15,0.94,-4.27,26.86,20.08
12:22:34.015 -> -0.50,0.13,0.92,-6.59,14.83,-6.29
12:22:34.111 -> -0.51,0.05,0.93,3.97,4.52,-14.77
12:22:34.208 -> -0.37,0.07,0.92,-5.31,5.13,-7.14
12:22:34.306 -> -0.51,0.08,0.90,-6.53,2.50,-1.95
12:22:34.402 -> -0.48,0.08,0.96,9.28,-1.10,4.46
12:22:34.499 -> -0.51,0.11,0.90,-7.87,0.24,4.09
12:22:34.596 -> -0.46,0.07,0.87,-24.48,-13.79,-4.15
12:22:34.740 -> -0.34,-0.02,0.92,6.35,-23.56,-9.16
12:22:34.835 -> -0.20,0.08,0.94,17.15,-31.49,-16.85
12:22:34.932 -> -0.07,0.15,0.97,21.55,-26.86,-17.76
12:22:35.027 -> -0.03,0.21,0.98,21.97,-19.10,-10.13
12:22:35.123 -> -0.01,0.22,0.99,-1.22,-7.02,-7.57
12:22:35.219 -> 0.03,0.20,1.00,-3.17,7.08,5.92
12:22:35.315 -> 0.08,0.20,0.99,-12.51,27.83,19.10
12:22:35.412 -> -0.07,0.14,0.96,-22.16,42.42,24.05
12:22:35.513 -> -0.32,0.10,0.94,-7.02,28.75,10.68
12:22:35.609 -> -0.39,0.03,0.97,-0.18,10.68,-3.23
12:22:35.705 -> -0.47,0.06,0.93,5.55,6.59,-6.84
12:22:35.802 -> -0.50,0.06,0.89,1.71,2.93,-6.90
12:22:35.898 -> -0.43,0.08,0.90,2.56,-0.31,-2.56
12:22:35.995 -> -0.42,0.06,0.90,0.31,-2.14,3.72
12:22:36.138 -> -0.52,0.11,0.93,7.02,-8.61,10.62
12:22:36.233 -> -0.46,0.13,0.95,-2.26,-18.37,0.67
12:22:36.339 -> -0.32,0.06,0.94,6.71,-27.77,-4.94
12:22:36.434 -> -0.15,0.14,0.95,34.24,-31.56,-12.82
12:22:36.530 -> 0.01,0.23,0.97,11.90,-28.56,-18.31
12:22:36.626 -> 0.05,0.28,0.96,1.10,-8.97,-4.46
12:22:36.721 -> 0.05,0.28,0.96,-14.77,5.80,2.99
12:22:36.807 -> 0.03,0.22,0.99,2.99,24.17,17.40
12:22:36.904 -> -0.07,0.27,0.96,15.81,40.22,22.95
12:22:36.999 -> -0.24,0.25,0.94,-19.96,32.53,12.51
12:22:37.094 -> -0.33,0.25,0.91,-15.56,19.29,-1.40
12:22:37.235 -> -0.36,0.16,0.92,-3.85,8.48,-6.23
12:22:37.318 -> -0.37,0.12,0.92,-6.96,8.12,-6.71
12:22:37.414 -> -0.44,0.10,0.91,-8.18,5.43,-1.40
12:22:37.509 -> -0.51,0.17,0.94,-1.71,-0.43,-2.38
12:22:37.638 -> -0.47,0.15,0.89,-3.72,-4.64,-5.55
12:22:37.734 -> -0.44,0.03,0.90,-25.76,-19.35,-6.71
12:22:37.830 -> -0.33,0.03,0.95,4.82,-23.01,-3.42
12:22:37.927 -> -0.24,0.10,0.93,15.32,-24.48,-10.01
12:22:38.023 -> -0.15,0.14,0.93,6.59,-31.74,-24.41
12:22:38.119 -> 0.00,0.20,0.99,25.51,-27.65,-21.67
12:22:38.216 -> 0.00,0.21,0.98,8.48,-11.72,-11.84
12:22:38.312 -> 0.04,0.28,0.96,8.36,6.65,5.92
12:22:38.409 -> 0.03,0.25,0.95,-10.99,18.31,10.19
12:22:38.505 -> -0.07,0.20,0.97,-12.57,18.43,9.95
12:22:38.600 -> -0.13,0.19,1.03,-2.20,24.48,12.02
12:22:38.696 -> -0.27,0.15,0.93,-12.45,26.49,7.39
12:22:38.792 -> -0.38,0.15,0.90,-8.36,19.23,3.85
12:22:38.934 -> -0.38,0.15,0.91,-1.40,10.62,0.73
12:22:39.029 -> -0.35,0.17,0.92,-1.89,7.32,-3.42
12:22:39.125 -> -0.44,0.14,0.91,-0.61,4.15,-5.00
12:22:39.221 -> -0.50,0.13,0.93,5.68,-3.97,0.12
12:22:39.316 -> -0.48,0.15,0.89,-2.69,-6.71,2.08
12:22:39.413 -> -0.37,0.12,0.91,-0.31,-16.66,0.73
12:22:39.508 -> -0.25,0.14,0.94,8.00,-18.92,-2.44
12:22:39.592 -> -0.17,0.18,0.95,9.22,-17.09,-6.65
12:22:39.736 -> -0.14,0.21,0.93,5.80,-16.85,-8.79
12:22:39.832 -> -0.08,0.24,0.96,16.85,-11.29,-5.55
12:22:39.928 -> -0.06,0.26,0.95,2.81,-7.51,-6.10
12:22:40.024 -> -0.03,0.26,0.96,-6.53,2.75,-1.83
12:22:40.118 -> -0.11,0.22,0.96,2.14,2.99,3.97
12:22:40.213 -> -0.16,0.28,0.96,3.48,3.05,-1.59
12:22:40.308 -> -0.14,0.24,0.96,-0.24,4.70,-6.84
12:22:40.401 -> -0.07,0.19,0.88,-13.73,12.88,-7.87
12:22:40.495 -> -0.18,0.18,0.91,-9.52,5.55,4.58
12:22:40.639 -> -0.25,0.23,0.99,8.24,10.31,6.59
12:22:40.734 -> -0.31,0.17,1.02,-4.21,16.24,6.10
12:22:40.830 -> -0.27,0.18,0.99,-11.05,26.92,8.61
12:22:40.925 -> -0.41,0.20,0.87,-7.20,15.01,10.99
12:22:41.021 -> -0.46,0.22,0.87,0.85,3.36,7.39
12:22:41.117 -> -0.41,0.21,0.90,-0.55,1.65,-1.40
12:22:41.213 -> -0.39,0.20,0.89,1.65,-2.01,-0.06
12:22:41.335 -> -0.40,0.21,0.88,-17.27,-13.61,-5.19
12:22:41.430 -> -0.32,0.14,0.95,4.46,-17.88,-5.07
12:22:41.526 -> -0.22,0.16,0.95,4.21,-14.83,-10.74
12:22:41.612 -> -0.15,0.16,0.97,2.14,-8.48,-9.28
12:22:41.708 -> -0.13,0.16,0.97,1.22,-2.44,-4.09
12:22:41.802 -> -0.17,0.18,0.99,3.78,1.04,1.40
12:22:41.896 -> -0.23,0.21,0.98,7.87,4.21,1.95
12:22:42.039 -> -0.27,0.22,0.95,10.31,2.69,-3.11
12:22:42.133 -> -0.25,0.21,0.92,8.42,-7.32,-8.00
12:22:42.228 -> -0.10,0.22,0.94,-2.14,0.37,-5.86
12:22:42.324 -> -0.11,0.22,0.91,-11.84,10.07,-0.31
12:22:42.417 -> -0.09,0.21,0.94,-9.89,14.40,4.09
12:22:42.514 -> -0.23,0.18,0.95,-8.24,13.55,3.66
12:22:42.609 -> -0.29,0.18,0.96,-9.70,14.10,-6.65
12:22:42.704 -> -0.44,0.12,0.91,-7.20,6.96,-15.32
12:22:42.800 -> -0.51,0.07,0.93,3.85,-4.88,-12.02
12:22:42.896 -> -0.51,0.09,0.95,2.38,-3.30,-3.42
12:22:43.040 -> -0.50,0.06,0.90,1.77,-0.49,6.16
12:22:43.135 -> -0.42,0.12,0.90,-6.04,-12.21,6.10
12:22:43.231 -> -0.32,0.12,0.95,5.43,-17.70,2.50
12:22:43.326 -> -0.21,0.16,0.95,15.87,-19.04,-5.31
12:22:43.426 -> -0.15,0.22,0.94,16.60,-18.98,-12.82
12:22:43.522 -> -0.09,0.20,0.95,5.07,-15.93,-15.32
12:22:43.607 -> -0.05,0.23,0.97,2.01,-11.23,-9.40
12:22:43.703 -> -0.03,0.26,0.97,-2.01,-1.22,-0.79
12:22:43.800 -> -0.06,0.26,0.95,-3.17,7.45,6.41
12:22:43.896 -> -0.08,0.22,0.97,-3.91,13.67,9.52
12:22:43.992 -> -0.10,0.22,0.96,-9.52,24.96,13.98
12:22:44.137 -> -0.25,0.19,0.99,-6.29,22.22,15.20
12:22:44.233 -> -0.35,0.20,0.94,-7.57,18.25,8.79
12:22:44.330 -> -0.37,0.18,0.94,0.79,10.19,4.88
12:22:44.420 -> -0.35,0.18,0.93,0.61,10.01,5.49
12:22:44.516 -> -0.37,0.17,0.89,-0.73,7.93,5.74
12:22:44.613 -> -0.36,0.18,0.90,-1.28,3.78,7.20
12:22:44.708 -> -0.33,0.20,0.91,-2.38,2.01,8.30
