12:14:54.690 -> -0.07,0.31,0.94,36.80,5.25,2.69
12:14:54.833 -> -0.07,0.44,0.88,25.45,5.00,3.72
12:14:54.929 -> -0.08,0.45,0.88,-14.65,-0.55,-0.12
12:14:55.025 -> -0.08,0.43,0.90,0.92,0.31,0.00
12:14:55.120 -> -0.08,0.47,0.89,-227.60,-15.44,-24.96
12:14:55.216 -> 0.02,-0.52,0.74,-312.74,-34.85,-44.07
12:14:55.312 -> 0.04,-0.68,0.78,-62.74,-4.39,-8.48
12:14:55.408 -> 0.05,-0.66,0.66,-104.61,-9.34,-16.05
12:14:55.504 -> 0.12,-0.86,0.41,-164.67,-21.12,-11.23
12:14:55.600 -> 0.09,-0.97,0.19,-118.29,-13.37,-4.27
12:14:55.696 -> 0.11,-1.10,-0.02,-73.43,-10.62,2.93
12:14:55.793 -> 0.12,-1.14,-0.06,10.44,-1.04,2.56
12:14:55.890 -> 0.11,-1.16,0.02,48.58,-0.18,12.33
12:14:56.034 -> -0.03,-0.88,0.24,361.02,36.99,42.11
12:14:56.129 -> -0.06,-0.17,0.76,387.39,6.53,29.30
12:14:56.225 -> -0.06,0.47,0.92,123.05,-1.89,8.06
12:14:56.330 -> -0.07,0.30,0.94,28.08,-0.37,3.42
12:14:56.426 -> -0.05,0.39,0.91,0.24,0.12,3.54
12:14:56.523 -> -0.05,0.41,0.91,-23.19,1.04,1.53
12:14:56.617 -> -0.05,0.32,0.92,-190.49,-11.96,-20.81
12:14:56.699 -> -0.01,-0.27,0.92,-211.55,-18.62,-25.88
12:14:56.797 -> 0.03,-0.61,0.77,-202.21,-18.43,-28.63
12:14:56.893 -> 0.12,-0.92,0.53,-150.51,-18.62,-24.23
12:14:56.990 -> 0.14,-0.97,0.35,-96.01,-15.93,-15.69
12:14:57.087 -> 0.17,-1.04,0.16,-93.63,-15.50,-17.21
12:14:57.231 -> 0.22,-1.06,0.10,-29.97,-2.44,-6.29
12:14:57.327 -> 0.21,-1.05,0.14,10.56,2.38,4.52
12:14:57.423 -> 0.21,-1.10,0.18,82.76,20.02,16.72
12:14:57.520 -> 0.11,-1.05,0.31,293.82,37.96,49.99
12:14:57.615 -> 0.03,-0.35,0.85,308.04,22.28,31.98
12:14:57.710 -> -0.02,0.07,0.94,251.95,14.89,20.45
12:14:57.806 -> -0.03,0.56,0.83,102.91,6.23,5.19
12:14:57.903 -> -0.05,0.62,0.76,36.93,1.95,2.20
12:14:57.999 -> -0.04,0.63,0.80,-60.55,-2.99,-1.28
12:14:58.093 -> -0.03,0.41,0.91,-123.60,-5.07,-4.64
12:14:58.189 -> -0.03,0.26,0.97,-166.93,-7.87,-13.00
12:14:58.287 -> 0.00,-0.24,0.88,-262.76,-19.59,-24.48
12:14:58.429 -> 0.06,-0.56,0.70,-222.96,-18.01,-30.82
12:14:58.525 -> 0.11,-0.84,0.40,-175.29,-15.87,-28.69
12:14:58.620 -> 0.17,-0.98,0.08,-152.16,-24.84,-22.40
12:14:58.707 -> 0.21,-1.08,-0.08,-56.88,-14.34,-3.23
12:14:58.804 -> 0.18,-1.01,-0.12,-4.15,-1.04,2.44
12:14:58.899 -> 0.19,-1.05,-0.09,18.68,0.49,5.86
12:14:58.995 -> 0.16,-1.16,-0.01,230.59,38.15,38.09
12:14:59.091 -> 0.05,-0.64,0.57,400.21,32.65,31.01
12:14:59.187 -> 0.01,-0.23,0.88,214.17,15.20,20.75
12:14:59.331 -> -0.02,0.17,0.93,135.68,7.81,11.17
12:14:59.426 -> -0.02,0.25,0.88,142.03,5.07,12.08
12:14:59.522 -> -0.03,0.63,0.79,126.16,5.31,10.74
12:14:59.619 -> -0.02,0.73,0.76,-60.24,-2.32,0.55
12:14:59.715 -> -0.03,0.50,0.86,-43.46,1.40,-0.92
12:14:59.812 -> -0.01,0.50,0.87,-31.56,2.44,2.99
12:14:59.909 -> -0.01,0.43,0.88,-217.29,-9.58,-14.04
12:15:00.003 -> -0.00,-0.31,0.95,-233.34,-20.32,-26.79
12:15:00.097 -> 0.10,-0.75,0.73,-237.06,-24.54,-30.09
12:15:00.192 -> 0.14,-1.04,0.34,-152.40,-28.93,-14.53
12:15:00.328 -> 0.16,-1.10,0.17,-65.73,-12.27,-11.29
12:15:00.414 -> 0.21,-1.05,0.06,-14.16,-0.73,-0.24
12:15:00.510 -> 0.21,-1.00,0.03,3.42,3.42,2.32
12:15:00.607 -> 0.21,-1.21,0.07,69.09,19.71,8.06
12:15:00.687 -> 0.11,-0.99,0.31,296.63,34.67,43.21
12:15:00.822 -> 0.04,-0.31,0.80,313.60,20.26,23.68
12:15:00.917 -> -0.02,0.17,0.96,209.47,8.91,9.34
12:15:01.034 -> -0.02,0.44,0.88,155.58,8.36,7.69
12:15:01.119 -> -0.02,0.62,0.76,53.65,4.15,3.66
12:15:01.216 -> -0.03,0.49,0.85,-55.79,-2.87,-2.93
12:15:01.310 -> -0.01,0.38,0.89,-31.74,1.95,2.01
12:15:01.407 -> -0.03,0.47,0.88,-115.91,-1.71,-5.43
12:15:01.502 -> 0.00,0.05,0.89,-328.98,-20.63,-29.66
12:15:01.597 -> 0.05,-0.64,0.78,-225.46,-17.76,-34.30
12:15:01.727 -> 0.15,-0.92,0.22,-262.88,-32.90,-35.16
12:15:01.823 -> 0.20,-1.11,0.09,-72.27,-5.13,-14.53
12:15:01.919 -> 0.22,-0.97,-0.09,-37.17,-9.58,0.79
12:15:02.015 -> 0.20,-0.94,-0.07,-2.01,0.00,-2.81
12:15:02.122 -> 0.19,-0.99,-0.06,23.07,5.80,0.31
12:15:02.218 -> 0.25,-1.36,-0.04,166.50,32.04,35.03
12:15:02.315 -> 0.04,-0.56,0.45,433.72,34.48,45.35
12:15:02.413 -> 0.02,-0.14,0.90,204.90,9.52,15.81
12:15:02.507 -> -0.02,0.14,0.95,131.47,3.72,6.65
12:15:02.603 -> 0.01,0.43,0.88,120.00,2.50,5.00
12:15:02.699 -> 0.01,0.69,0.80,69.58,1.59,3.54
12:15:02.787 -> 0.01,0.64,0.81,-10.86,-1.89,-0.92
12:15:02.930 -> 0.01,0.64,0.80,-25.02,0.67,-1.95
12:15:03.014 -> 0.01,0.63,0.81,-86.98,1.10,-3.85
12:15:03.109 -> 0.00,0.10,0.96,-235.96,-11.29,-19.84
12:15:03.205 -> 0.05,-0.40,0.97,-186.28,-11.84,-15.87
12:15:03.301 -> 0.09,-0.67,0.74,-154.11,-10.44,-18.13
12:15:03.398 -> 0.12,-0.82,0.55,-117.55,-8.30,-23.25
12:15:03.495 -> 0.17,-0.85,0.36,-109.01,-10.62,-24.29
12:15:03.591 -> 0.21,-1.05,0.11,-37.60,-2.08,-8.54
12:15:03.687 -> 0.22,-1.04,0.05,-20.69,-3.36,-2.99
12:15:03.831 -> 0.24,-1.09,0.03,-3.23,-4.76,4.52
12:15:03.928 -> 0.23,-1.20,0.07,107.67,14.59,25.76
12:15:04.023 -> 0.09,-0.73,0.49,325.87,33.26,32.29
12:15:04.118 -> 0.06,-0.37,0.87,218.51,14.83,25.09
12:15:04.214 -> 0.00,-0.02,0.98,180.05,10.44,14.04
12:15:04.310 -> 0.01,0.38,0.89,108.76,2.93,2.26
12:15:04.404 -> 0.02,0.46,0.90,121.34,2.75,5.49
12:15:04.498 -> 0.01,0.76,0.71,52.49,3.54,3.11
12:15:04.603 -> 0.03,0.68,0.76,-13.00,-0.37,0.24
12:15:04.700 -> 0.02,0.65,0.77,-23.25,0.92,-1.89
12:15:04.787 -> -0.00,0.59,0.84,-277.53,-10.86,-17.88
12:15:04.930 -> 0.02,-0.23,0.94,-278.26,-17.58,-21.67
12:15:05.026 -> 0.05,-0.47,0.83,-176.51,-16.05,-17.03
12:15:05.122 -> 0.12,-0.78,0.58,-185.55,-20.08,-15.38
12:15:05.218 -> 0.15,-0.97,0.37,-119.20,-17.76,-14.95
12:15:05.315 -> 0.21,-1.04,0.24,-51.64,-4.39,-7.26
12:15:05.411 -> 0.20,-1.02,0.17,-21.73,-4.52,-0.18
12:15:05.507 -> 0.20,-1.11,0.18,11.66,-0.37,4.15
12:15:05.604 -> 0.21,-1.22,0.24,141.60,24.35,27.89
12:15:05.700 -> 0.07,-0.59,0.68,374.94,38.94,39.55
12:15:05.795 -> -0.00,0.00,0.92,241.76,17.88,27.34
12:15:05.892 -> -0.04,0.26,0.91,94.24,7.39,10.07
12:15:05.988 -> -0.03,0.27,0.89,100.04,-11.35,2.50
12:15:06.132 -> 0.03,0.63,0.86,12.70,-10.68,0.61
12:15:06.229 -> 0.00,0.52,0.92,-81.05,-5.92,-9.95
12:15:06.325 -> 0.01,0.31,0.96,-22.71,0.06,-5.13
12:15:06.406 -> 0.01,0.35,0.98,-118.23,-0.37,-11.11
12:15:06.502 -> 0.01,-0.09,0.91,-301.39,-18.86,-27.34
12:15:06.597 -> 0.06,-0.68,0.66,-270.87,-23.93,-21.30
12:15:06.693 -> 0.15,-1.05,0.31,-180.66,-32.10,-5.98
12:15:06.795 -> 0.15,-0.99,0.17,-61.22,-9.64,-5.25
12:15:06.892 -> 0.15,-1.04,-0.03,-39.49,-8.91,1.22
12:15:06.988 -> 0.15,-1.04,-0.01,-4.21,-7.75,0.92
12:15:07.132 -> 0.17,-1.13,0.04,43.64,4.33,4.09
12:15:07.229 -> 0.07,-0.89,0.32,297.12,36.50,32.53
12:15:07.325 -> 0.04,-0.57,0.78,323.49,24.23,22.64
12:15:07.422 -> -0.03,0.04,0.93,151.31,8.12,12.21
12:15:07.518 -> -0.04,0.16,0.94,116.94,0.85,6.90
12:15:07.614 -> -0.02,0.40,0.89,85.27,-5.98,0.92
12:15:07.710 -> -0.01,0.51,0.90,9.70,-4.15,-0.06
12:15:07.805 -> -0.01,0.46,0.92,5.49,-1.40,-0.92
12:15:07.901 -> 0.01,0.52,0.88,-75.81,-0.43,-3.97
12:15:07.999 -> 0.00,0.05,0.95,-335.57,-15.20,-24.29
12:15:08.095 -> 0.04,-0.67,0.74,-286.44,-25.02,-20.63
12:15:08.190 -> 0.15,-1.04,0.38,-197.88,-23.99,-0.43
12:15:08.287 -> 0.11,-0.95,0.09,-103.33,-11.54,1.53
12:15:08.391 -> 0.10,-1.11,-0.02,-47.55,-3.23,-3.97
12:15:08.487 -> 0.12,-1.03,-0.09,-18.13,0.49,-1.16
12:15:08.631 -> 0.12,-1.00,-0.13,5.13,2.38,-0.55
12:15:08.728 -> 0.12,-1.05,-0.07,76.72,15.56,2.56
12:15:08.815 -> 0.08,-1.01,0.18,265.81,40.41,20.57
12:15:08.911 -> 0.01,-0.65,0.69,284.30,22.16,19.17
12:15:09.008 -> -0.02,-0.29,0.89,184.08,3.78,12.57
12:15:09.104 -> -0.02,0.05,0.98,181.58,2.01,14.89
12:15:09.207 -> -0.01,0.43,0.93,111.15,3.78,8.54
12:15:09.304 -> -0.02,0.45,0.90,25.51,1.53,4.09
12:15:09.400 -> -0.02,0.43,0.89,-3.54,0.00,-0.31
12:15:09.496 -> 0.00,0.41,0.91,-29.79,-0.98,-3.11
12:15:09.592 -> 0.01,0.27,0.96,-243.96,-8.54,-21.00
12:15:09.687 -> 0.04,-0.42,0.87,-314.09,-21.91,-29.42
12:15:09.832 -> 0.08,-0.88,0.56,-203.61,-17.33,-20.51
12:15:09.927 -> 0.14,-1.03,0.25,-142.82,-21.61,-9.64
12:15:10.023 -> 0.16,-0.99,0.05,-70.01,-13.73,2.32
12:15:10.118 -> 0.14,-1.04,-0.03,-17.82,-3.05,0.61
12:15:10.212 -> 0.14,-1.07,0.01,10.99,-0.85,2.08
12:15:10.307 -> 0.12,-1.14,0.10,156.37,28.93,18.07
12:15:10.404 -> 0.06,-0.86,0.49,344.18,29.17,30.27
12:15:10.500 -> 0.02,-0.06,0.95,319.46,10.86,28.56
12:15:10.596 -> -0.03,0.34,0.95,59.69,4.15,4.27
12:15:10.693 -> -0.03,0.31,0.90,68.79,0.85,5.13
12:15:10.827 -> -0.01,0.50,0.87,36.68,1.77,6.10
12:15:10.923 -> -0.02,0.52,0.87,-12.57,-1.10,1.10
12:15:11.019 -> 0.02,0.29,0.95,-301.03,-11.54,-22.40
12:15:11.115 -> 0.02,-0.45,0.87,-302.19,-18.80,-22.58
12:15:11.210 -> 0.06,-0.78,0.60,-198.06,-19.29,-14.71
12:15:11.308 -> 0.12,-1.06,0.32,-88.50,-14.83,-0.55
12:15:11.403 -> 0.11,-1.01,0.21,-31.92,-4.94,-0.79
12:15:11.500 -> 0.12,-1.09,0.19,36.99,10.01,0.12
12:15:11.596 -> 0.06,-0.92,0.41,264.16,33.39,18.80
12:15:11.692 -> 0.02,-0.32,0.85,351.38,20.08,30.88
12:15:11.788 -> -0.03,0.18,0.97,147.58,9.58,18.74
12:15:11.931 -> -0.04,0.34,0.93,71.11,4.33,10.13
12:15:12.026 -> -0.02,0.41,0.90,32.23,2.56,6.96
12:15:12.122 -> -0.03,0.46,0.85,20.57,3.36,6.23
12:15:12.217 -> -0.03,0.50,0.88,-25.15,-1.77,-0.49
12:15:12.314 -> -0.02,0.42,0.91,-34.61,-4.33,-5.00
12:15:12.410 -> -0.01,0.38,0.94,-22.71,-2.44,-5.80
12:15:12.501 -> -0.02,0.21,0.97,-227.66,-10.56,-21.48
12:15:12.597 -> 0.02,-0.31,0.94,-225.40,-13.79,-23.86
12:15:12.694 -> 0.05,-0.68,0.63,-251.28,-20.45,-23.07
12:15:12.832 -> 0.10,-1.08,0.20,-179.75,-21.55,8.24
12:15:12.930 -> 0.09,-1.04,0.00,-75.13,-4.15,-2.81
12:15:13.013 -> 0.10,-1.05,-0.11,-36.38,-4.52,-2.62
12:15:13.110 -> 0.11,-1.11,-0.17,-7.26,0.24,-3.05
12:15:13.205 -> 0.14,-1.09,-0.17,35.58,4.70,-0.06
12:15:13.301 -> 0.13,-1.16,-0.02,189.15,29.54,27.77
12:15:13.398 -> -0.03,-0.68,0.52,316.41,22.40,38.88
12:15:13.494 -> -0.08,-0.37,0.80,310.73,0.85,24.29
12:15:13.589 -> -0.05,0.25,0.95,166.08,-5.31,13.73
12:15:13.732 -> -0.00,0.43,0.88,95.15,-4.15,4.82
12:15:13.829 -> -0.01,0.51,0.84,15.20,-1.65,0.67
12:15:13.926 -> -0.02,0.53,0.87,-24.11,-2.75,-3.30
12:15:14.022 -> -0.02,0.50,0.90,-54.57,-2.14,-2.38
12:15:14.117 -> -0.01,0.11,0.94,-272.89,-10.01,-20.51
12:15:14.213 -> 0.02,-0.39,0.89,-214.23,-12.39,-23.07
12:15:14.305 -> 0.05,-0.66,0.68,-197.51,-10.86,-21.85
12:15:14.401 -> 0.12,-0.89,0.32,-192.20,-14.53,-20.75
12:15:14.499 -> 0.12,-1.06,0.11,-126.28,-12.08,-7.69
12:15:14.594 -> 0.17,-1.10,-0.13,-101.50,-14.34,-1.77
12:15:14.691 -> 0.14,-1.07,-0.26,-40.10,-7.81,3.97
12:15:14.789 -> 0.14,-0.93,-0.25,9.28,3.23,-2.87
12:15:14.887 -> 0.15,-1.04,-0.26,43.52,4.82,3.11
12:15:15.031 -> 0.13,-1.06,-0.15,204.47,28.38,31.62
12:15:15.127 -> 0.04,-0.99,0.29,255.19,7.45,37.29
12:15:15.224 -> -0.04,-0.41,0.78,341.80,12.02,38.09
12:15:15.319 -> -0.07,0.16,0.94,151.18,0.12,15.01
12:15:15.415 -> -0.05,0.18,0.92,86.43,-1.59,8.79
12:15:15.512 -> -0.02,0.37,0.92,29.72,-6.35,3.97
12:15:15.607 -> -0.03,0.42,0.94,18.07,-5.07,-0.79
12:15:15.703 -> -0.02,0.42,0.95,-62.56,-3.72,-6.71
12:15:15.798 -> -0.00,0.00,0.95,-248.17,-10.38,-22.16
12:15:15.894 -> 0.03,-0.54,0.84,-255.49,-16.05,-25.76
12:15:15.990 -> 0.06,-0.85,0.56,-156.80,-8.73,-19.23
12:15:16.134 -> 0.12,-0.95,0.31,-137.76,-10.56,-16.36
12:15:16.231 -> 0.15,-1.06,0.09,-78.98,-6.96,-5.31
12:15:16.327 -> 0.14,-1.03,-0.02,-15.63,-0.24,4.15
12:15:16.423 -> 0.12,-1.05,-0.05,9.46,0.49,2.99
12:15:16.513 -> 0.12,-1.13,0.03,139.16,23.99,17.82
12:15:16.608 -> 0.04,-0.90,0.36,237.55,15.38,26.92
12:15:16.707 -> 0.01,-0.50,0.78,329.83,16.54,25.57
12:15:16.809 -> -0.02,0.06,0.97,195.43,4.46,20.39
12:15:16.905 -> -0.04,0.27,0.91,170.90,3.91,13.00
12:15:17.000 -> -0.01,0.68,0.76,102.78,-0.85,6.16
12:15:17.096 -> -0.01,0.73,0.73,-18.25,-3.97,2.20
12:15:17.225 -> 0.00,0.57,0.81,-75.01,-5.13,-4.33
12:15:17.321 -> -0.00,0.51,0.85,-13.49,-3.23,-2.38
12:15:17.416 -> 0.00,0.46,0.90,-161.87,-6.04,-11.66
12:15:17.513 -> 0.03,-0.11,0.94,-297.30,-15.81,-34.30
12:15:17.608 -> 0.08,-0.55,0.67,-309.51,-17.52,-40.47
12:15:17.704 -> 0.20,-1.13,0.12,-197.02,-30.64,-5.98
12:15:17.803 -> 0.16,-1.03,0.00,-50.66,-11.84,-0.31
12:15:17.899 -> 0.16,-1.09,0.02,-12.21,-4.88,3.05
12:15:17.999 -> 0.15,-1.05,-0.01,17.76,4.03,0.61
12:15:18.093 -> 0.13,-1.02,0.14,167.30,31.43,14.28
12:15:18.230 -> 0.07,-0.83,0.50,206.36,21.73,12.51
12:15:18.324 -> 0.06,-0.56,0.78,217.29,16.60,9.89
12:15:18.418 -> 0.02,-0.29,0.94,185.12,9.34,10.50
12:15:18.514 -> 0.00,0.16,0.98,131.10,4.58,5.49
12:15:18.607 -> 0.00,0.27,0.98,41.87,0.79,-2.62
12:15:18.703 -> 0.01,0.24,0.96,1.46,1.46,-3.97
12:15:18.797 -> 0.00,0.24,0.97,-0.98,0.85,-3.05
12:15:18.929 -> -0.01,0.24,0.97,-7.93,0.98,-2.44
12:15:19.024 -> -0.01,0.36,0.97,-52.31,-0.18,-8.91
12:15:19.119 -> 0.06,-0.12,0.81,-558.04,-35.03,-50.78
12:15:19.216 -> 0.09,-1.14,0.16,-218.44,-27.95,-10.80
12:15:19.311 -> 0.12,-0.97,0.11,-37.78,-4.27,-5.80
12:15:19.407 -> 0.13,-0.98,0.08,-18.07,-4.82,-2.99
12:15:19.502 -> 0.14,-0.99,0.05,-12.63,-2.93,-3.78
12:15:19.598 -> 0.14,-0.98,0.06,5.13,1.40,-1.77
12:15:19.694 -> 0.15,-1.01,0.09,18.49,5.25,-1.77
12:15:19.790 -> 0.15,-1.02,0.12,17.76,5.00,2.75
12:15:19.933 -> 0.15,-1.06,0.14,51.70,10.13,10.25
12:15:20.029 -> 0.07,-0.98,0.31,282.96,25.02,18.37
12:15:20.123 -> 0.03,-0.28,0.87,303.83,13.00,26.06
12:15:20.218 -> -0.02,0.03,0.99,105.35,7.81,11.41
12:15:20.312 -> -0.02,0.13,0.98,45.17,3.91,5.74
12:15:20.408 -> -0.01,0.20,0.95,42.79,2.99,6.16
12:15:20.495 -> -0.02,0.26,0.96,35.40,0.67,8.00
12:15:20.624 -> -0.01,0.28,0.96,16.72,0.79,7.51
12:15:20.720 -> 0.00,0.30,0.96,9.46,2.99,10.07
12:15:20.815 -> -0.00,0.37,0.96,-22.71,6.16,5.49
12:15:20.897 -> -0.02,0.29,0.92,1.59,5.00,0.61
12:15:20.993 -> -0.02,0.34,0.96,-23.19,0.18,-1.22
12:15:21.088 -> -0.03,0.26,0.99,-10.99,-0.31,-3.30
12:15:21.230 -> -0.01,0.25,1.01,-35.95,2.69,-5.86
12:15:21.325 -> -0.04,0.05,0.96,-168.27,2.50,-17.33
12:15:21.420 -> -0.03,-0.41,0.82,-239.69,-11.90,-26.61
12:15:21.516 -> 0.04,-0.79,0.56,-229.49,-15.14,-28.81
12:15:21.612 -> 0.14,-1.17,0.16,-169.86,-30.40,-0.18
12:15:21.695 -> 0.11,-1.01,0.09,-18.92,-5.37,2.01
12:15:21.791 -> 0.10,-1.04,0.11,12.88,-4.15,0.55
12:15:21.923 -> 0.11,-1.12,0.14,37.41,2.81,4.09
12:15:22.019 -> 0.06,-0.96,0.31,154.24,13.61,18.92
12:15:22.114 -> 0.01,-0.76,0.63,345.40,28.26,27.89
12:15:22.210 -> -0.04,0.03,0.91,323.36,3.91,29.85
12:15:22.306 -> -0.02,0.38,0.90,91.80,-1.89,8.00
12:15:22.402 -> -0.04,0.43,0.86,49.87,-5.98,3.85
12:15:22.498 -> 0.00,0.52,0.86,11.90,-5.43,4.27
12:15:22.628 -> -0.01,0.49,0.90,-26.49,-1.40,-1.34
12:15:22.725 -> 0.01,0.43,0.93,-37.35,-0.43,-1.46
12:15:22.821 -> -0.00,0.41,0.94,-89.60,2.56,-7.39
12:15:22.906 -> -0.02,0.05,0.94,-260.50,-7.32,-22.71
12:15:23.002 -> -0.01,-0.45,0.83,-206.97,-4.82,-23.74
12:15:23.097 -> 0.05,-0.70,0.65,-159.06,-1.10,-30.33
12:15:23.194 -> 0.10,-0.88,0.38,-176.03,-8.67,-26.92
12:15:23.288 -> 0.15,-1.04,0.03,-132.14,-19.53,-11.72
12:15:23.432 -> 0.14,-0.98,-0.08,-40.10,-9.09,0.79
12:15:23.529 -> 0.13,-0.99,-0.11,-15.56,-1.95,-2.50
12:15:23.625 -> 0.13,-1.04,-0.14,8.91,1.53,-0.06
12:15:23.722 -> 0.16,-1.17,-0.04,159.36,29.42,18.92
12:15:23.818 -> 0.08,-0.90,0.32,214.48,18.43,25.76
12:15:23.914 -> -0.00,-0.62,0.70,307.50,20.94,19.71
12:15:24.010 -> -0.02,-0.09,0.93,269.29,6.47,18.68
12:15:24.106 -> -0.03,0.34,0.94,162.35,1.65,8.73
12:15:24.202 -> -0.02,0.54,0.83,67.87,0.12,1.89
12:15:24.299 -> 0.01,0.62,0.79,7.63,-0.85,1.59
12:15:24.394 -> -0.01,0.62,0.80,-26.06,0.55,3.60
12:15:24.489 -> -0.00,0.60,0.83,-63.60,1.10,0.92
12:15:24.594 -> -0.01,0.43,0.92,-152.16,-0.61,-8.48
12:15:24.691 -> -0.02,-0.05,0.99,-250.67,-9.89,-17.27
12:15:24.834 -> 0.01,-0.51,0.82,-198.97,-10.31,-14.28
12:15:24.920 -> 0.05,-0.76,0.58,-146.48,-6.04,-13.92
12:15:25.016 -> 0.09,-0.87,0.36,-146.55,-9.95,-16.48
12:15:25.113 -> 0.12,-0.99,0.08,-131.53,-14.28,-9.40
12:15:25.209 -> 0.10,-1.04,-0.04,-61.46,-8.67,-0.55
12:15:25.305 -> 0.10,-1.04,-0.13,-21.55,-3.30,0.31
12:15:25.401 -> 0.13,-1.11,-0.11,30.33,5.07,1.83
12:15:25.497 -> 0.08,-1.04,0.07,184.88,25.94,19.65
12:15:25.593 -> 0.05,-0.92,0.40,242.68,17.94,19.17
12:15:25.690 -> -0.00,-0.41,0.78,318.42,14.16,27.65
12:15:25.834 -> -0.04,0.12,0.92,216.43,5.13,23.07
12:15:25.930 -> -0.04,0.36,0.90,116.64,4.33,14.34
12:15:26.026 -> -0.04,0.59,0.81,99.61,-0.18,9.58
12:15:26.122 -> -0.00,0.73,0.73,39.79,-2.44,3.78
12:15:26.217 -> -0.00,0.68,0.76,-26.12,0.67,-0.67
12:15:26.313 -> 0.00,0.64,0.84,-168.46,-2.69,-11.35
12:15:26.408 -> -0.02,0.19,0.94,-214.78,-5.86,-20.08
12:15:26.504 -> -0.01,-0.09,0.95,-195.86,-6.71,-20.81
12:15:26.603 -> 0.01,-0.48,0.84,-200.01,-9.52,-18.68
12:15:26.699 -> 0.05,-0.74,0.52,-232.67,-8.97,-22.28
12:15:26.796 -> 0.05,-1.10,0.15,-153.56,-10.74,-8.24
12:15:26.929 -> 0.09,-1.10,-0.04,-54.50,-3.30,-3.30
12:15:27.024 -> 0.09,-1.08,-0.10,-3.72,3.05,-3.11
12:15:27.120 -> 0.10,-1.09,-0.09,25.39,3.72,-1.89
12:15:27.215 -> 0.12,-1.17,-0.02,108.22,15.01,9.64
12:15:27.311 -> 0.04,-0.91,0.30,241.64,12.45,27.77
12:15:27.407 -> 0.00,-0.60,0.70,337.59,17.52,34.30
12:15:27.503 -> -0.06,-0.02,0.91,211.55,0.24,28.08
12:15:27.598 -> -0.06,0.22,0.93,100.59,1.40,17.58
12:15:27.695 -> -0.04,0.40,0.87,90.03,-2.81,11.66
12:15:27.792 -> -0.02,0.55,0.85,22.77,-3.05,3.72
12:15:27.888 -> -0.02,0.52,0.91,1.40,-1.53,-2.44
12:15:28.032 -> -0.01,0.56,0.97,-148.50,3.91,-18.31
12:15:28.128 -> -0.05,-0.03,0.94,-250.00,4.58,-24.54
12:15:28.224 -> -0.05,-0.39,0.85,-245.24,-8.85,-22.28
12:15:28.320 -> -0.00,-0.78,0.53,-232.06,-10.19,-19.10
12:15:28.416 -> 0.03,-0.98,0.20,-136.78,-5.80,-16.66
12:15:28.512 -> 0.11,-1.01,0.00,-71.53,-5.19,-12.70
12:15:28.607 -> 0.09,-1.06,-0.06,-8.36,1.89,-7.02
12:15:28.700 -> 0.10,-1.11,-0.06,20.51,3.85,0.06
12:15:28.792 -> 0.10,-1.12,0.09,153.63,20.14,18.19
12:15:28.933 -> 0.04,-0.93,0.41,240.60,13.92,31.56
12:15:29.029 -> -0.02,-0.47,0.76,319.95,18.37,39.55
12:15:29.125 -> -0.07,0.09,0.90,212.95,7.87,29.79
12:15:29.220 -> -0.09,0.35,0.86,100.83,1.53,11.17
12:15:29.316 -> -0.06,0.46,0.82,61.95,-11.60,5.55
12:15:29.411 -> -0.02,0.59,0.82,22.95,-7.87,0.67
12:15:29.506 -> -0.04,0.65,0.83,-2.26,-3.48,-4.39
12:15:29.601 -> -0.03,0.54,0.90,-55.54,0.67,-6.16
12:15:29.697 -> -0.03,0.25,0.96,-176.94,1.22,-11.29
12:15:29.793 -> -0.04,-0.06,0.98,-141.42,-1.34,-10.38
12:15:29.889 -> -0.04,-0.33,0.94,-148.01,-4.58,-11.35
12:15:30.032 -> -0.02,-0.54,0.80,-166.14,-5.13,-18.07
12:15:30.127 -> 0.03,-0.83,0.51,-156.07,0.06,-13.85
12:15:30.222 -> 0.05,-0.99,0.30,-90.45,-0.37,-13.43
12:15:30.317 -> 0.05,-1.04,0.22,-21.30,0.43,-8.79
12:15:30.414 -> 0.08,-1.12,0.17,52.55,5.55,8.42
12:15:30.510 -> 0.03,-0.94,0.37,151.55,7.75,28.99
12:15:30.593 -> -0.02,-0.72,0.66,247.38,18.43,38.45
12:15:30.689 -> -0.10,-0.23,0.88,216.00,9.28,39.79
12:15:30.832 -> -0.13,0.16,0.92,114.20,1.53,22.46
12:15:30.887 -> -0.11,0.30,0.92,84.96,-4.39,12.76
12:15:31.029 -> -0.09,0.44,0.89,74.46,-6.16,7.51
12:15:31.125 -> -0.07,0.60,0.86,52.92,-7.45,6.16
12:15:31.220 -> -0.03,0.62,0.82,15.01,-6.77,4.94
12:15:31.316 -> -0.05,0.67,0.82,-44.92,-1.59,-7.63
12:15:31.412 -> -0.05,0.41,0.94,-247.74,-3.78,-26.86
12:15:31.507 -> -0.05,-0.23,0.89,-260.44,-5.07,-32.84
12:15:31.603 -> -0.02,-0.63,0.77,-158.63,-6.16,-20.81
12:15:31.700 -> 0.03,-0.84,0.55,-136.29,-5.43,-17.03
12:15:31.796 -> 0.04,-1.00,0.31,-113.16,-5.07,-11.35
12:15:31.894 -> 0.08,-1.07,0.17,-27.40,-2.08,-4.82
12:15:31.989 -> 0.08,-1.06,0.13,2.14,-4.88,6.23
12:15:32.131 -> 0.07,-1.11,0.18,41.56,-3.11,12.08
12:15:32.227 -> -0.00,-0.92,0.38,194.58,12.88,26.61
12:15:32.321 -> -0.04,-0.58,0.69,353.45,23.93,37.41
12:15:32.417 -> -0.09,0.19,0.87,278.02,-0.98,34.12
12:15:32.513 -> -0.07,0.47,0.87,84.66,-2.32,9.89
12:15:32.620 -> -0.07,0.48,0.86,25.39,-4.21,-0.49
12:15:32.716 -> -0.06,0.52,0.87,8.18,-5.19,1.59
12:15:32.812 -> -0.05,0.56,0.88,-48.03,-4.21,-7.87
12:15:32.897 -> -0.05,0.40,0.94,-131.65,-7.81,-20.45
12:15:33.033 -> -0.02,-0.10,0.97,-181.46,-8.61,-27.47
12:15:33.129 -> -0.01,-0.44,0.87,-150.27,-10.56,-21.97
12:15:33.225 -> 0.03,-0.69,0.71,-143.49,-9.70,-18.92
12:15:33.321 -> 0.07,-0.87,0.46,-144.71,-10.13,-16.42
12:15:33.417 -> 0.11,-1.02,0.29,-80.57,-6.65,-9.03
12:15:33.512 -> 0.13,-1.01,0.21,-35.89,-6.16,-1.89
12:15:33.609 -> 0.12,-1.03,0.14,-1.34,-3.17,3.36
12:15:33.705 -> 0.13,-1.13,0.17,35.77,2.32,5.92
12:15:33.801 -> 0.06,-0.95,0.38,221.74,18.31,30.09
12:15:33.896 -> -0.00,-0.54,0.73,373.23,27.59,38.70
12:15:33.992 -> -0.03,0.20,0.93,204.83,1.71,25.27
12:15:34.087 -> -0.04,0.38,0.90,69.27,1.65,6.90
12:15:34.232 -> -0.04,0.47,0.89,35.52,-3.91,-0.67
12:15:34.327 -> -0.01,0.45,0.92,-79.83,-4.70,-9.46
12:15:34.424 -> -0.02,0.22,0.96,-139.77,-6.47,-20.32
12:15:34.519 -> 0.00,-0.12,0.90,-210.45,-11.54,-29.11
12:15:34.616 -> 0.01,-0.56,0.76,-234.62,-15.69,-27.71
12:15:34.699 -> 0.09,-0.90,0.49,-165.83,-6.41,-18.98
12:15:34.794 -> 0.14,-0.94,0.18,-168.76,-12.02,-15.93
12:15:34.888 -> 0.17,-0.99,-0.05,-96.31,-6.77,-3.54
12:15:35.021 -> 0.14,-1.03,-0.22,-24.78,-3.36,-1.40
12:15:35.116 -> 0.14,-1.03,-0.17,8.18,-0.92,-1.10
12:15:35.213 -> 0.16,-1.15,-0.11,120.00,20.51,11.41
12:15:35.309 -> 0.07,-1.01,0.26,272.52,20.26,26.73
12:15:35.404 -> 0.02,-0.58,0.68,336.61,20.94,24.11
12:15:35.500 -> -0.00,-0.04,0.91,253.97,4.39,24.35
12:15:35.596 -> -0.00,0.34,0.92,148.99,5.55,14.10
12:15:35.692 -> -0.01,0.53,0.80,49.07,1.16,3.23
12:15:35.788 -> -0.01,0.52,0.79,1.28,-4.39,0.61
12:15:35.932 -> 0.00,0.56,0.84,-17.27,-5.07,0.49
12:15:36.029 -> 0.02,0.56,0.86,-25.94,0.98,-1.22
12:15:36.123 -> 0.02,0.51,0.88,-17.21,3.30,-0.06
12:15:36.218 -> 0.01,0.50,0.88,-15.69,5.62,0.98
12:15:36.314 -> -0.01,0.46,0.88,-8.79,4.70,0.31
12:15:36.412 -> -0.01,0.44,0.89,-14.34,3.60,-0.79