12:17:51.093 -> -0.50,0.03,0.86,0.61,0.31,-0.49
12:17:51.189 -> -0.50,0.02,0.86,0.24,0.31,-0.61
12:17:51.332 -> -0.50,0.02,0.86,1.34,0.43,-0.24
12:17:51.428 -> -0.50,0.03,0.86,-0.18,0.24,-0.92
12:17:51.524 -> -0.50,0.04,0.86,-0.06,0.37,-0.67
12:17:51.620 -> -0.50,0.03,0.86,0.92,0.24,-0.49
12:17:51.716 -> -0.50,0.03,0.86,-0.43,0.61,-0.49
12:17:51.799 -> -0.50,0.02,0.86,-0.43,0.43,-1.04
12:17:51.894 -> -0.51,0.03,0.86,0.31,-0.06,-1.16
12:17:51.989 -> -0.51,0.03,0.86,-0.06,0.49,-0.61
12:17:52.132 -> -0.50,0.03,0.86,0.73,0.31,-0.73
12:17:52.228 -> -0.51,0.06,0.86,0.79,0.12,-0.79
12:17:52.325 -> -0.50,0.03,0.86,-0.73,0.43,-0.55
12:17:52.420 -> -0.50,0.03,0.86,-0.67,0.37,-0.37
12:17:52.517 -> -0.50,0.03,0.86,-0.06,0.73,-0.37
12:17:52.613 -> -0.50,0.03,0.86,0.24,0.06,-1.28
12:17:52.709 -> -0.50,0.04,0.86,0.55,0.06,-1.34
12:17:52.807 -> -0.50,0.04,0.86,-0.31,0.43,-0.55
12:17:52.902 -> -0.50,0.03,0.86,-1.28,0.37,-0.61
12:17:52.999 -> -0.50,0.04,0.86,0.31,0.55,-0.12
12:17:53.098 -> -0.49,0.03,0.86,0.67,0.18,-0.98
12:17:53.193 -> -0.50,0.03,0.86,-0.12,0.18,-0.79
12:17:53.290 -> -0.50,0.04,0.86,0.31,0.31,-0.79
12:17:53.434 -> -0.50,0.04,0.86,0.12,0.24,-0.85
12:17:53.530 -> -0.50,0.03,0.86,-0.24,0.49,-0.73
12:17:53.625 -> -0.50,0.04,0.86,-0.79,0.49,-0.67
12:17:53.721 -> -0.50,0.03,0.86,-0.49,0.18,-1.04
12:17:53.808 -> -0.50,0.03,0.86,-0.24,0.31,-0.55
12:17:53.904 -> -0.50,0.04,0.86,0.73,0.37,-0.49
12:17:53.996 -> -0.50,0.03,0.86,-0.24,0.31,-0.49
12:17:54.091 -> -0.50,0.04,0.86,0.06,0.49,-0.85
12:17:54.236 -> -0.50,0.03,0.86,-0.49,0.06,-1.22
12:17:54.331 -> -0.50,0.03,0.86,0.18,0.49,-0.43
12:17:54.428 -> -0.50,0.04,0.86,0.06,0.12,-0.92
12:17:54.522 -> -0.50,0.04,0.86,-0.06,0.49,-0.37
12:17:54.617 -> -0.50,0.06,0.86,-0.18,0.49,-0.49
12:17:54.713 -> -0.50,0.04,0.86,0.06,0.37,-0.79
12:17:54.810 -> -0.50,0.04,0.86,0.12,0.24,-1.04
12:17:54.905 -> -0.50,0.04,0.86,0.37,0.49,-0.79
12:17:55.003 -> -0.50,0.04,0.86,0.12,0.12,-1.22
12:17:55.099 -> -0.50,0.04,0.86,0.49,0.18,-1.04
12:17:55.194 -> -0.50,0.04,0.86,0.12,0.43,-0.49
12:17:55.289 -> -0.50,0.04,0.86,-0.31,0.49,-0.49
12:17:55.434 -> -0.50,0.04,0.86,0.18,0.31,-0.67
12:17:55.517 -> -0.50,0.04,0.86,0.18,0.31,-0.61
12:17:55.634 -> -0.50,0.04,0.86,0.06,0.37,-0.92
12:17:55.729 -> -0.50,0.04,0.86,-0.37,0.31,-0.73
12:17:55.810 -> -0.50,0.04,0.86,-0.43,0.12,-0.79
12:17:55.905 -> -0.50,0.03,0.86,0.31,0.43,-0.55
12:17:56.001 -> -0.50,0.03,0.86,0.79,0.55,-0.49
12:17:56.097 -> -0.50,0.04,0.86,-0.24,0.12,-0.98
12:17:56.191 -> -0.50,0.04,0.86,-0.43,0.31,-0.61
12:17:56.334 -> -0.50,0.04,0.86,-0.12,0.24,-0.73
12:17:56.429 -> -0.50,0.03,0.86,0.18,0.37,-0.55
12:17:56.523 -> -0.50,0.04,0.86,-0.12,0.37,-0.61
12:17:56.619 -> -0.50,0.04,0.86,0.06,0.37,-0.73
12:17:56.713 -> -0.50,0.03,0.86,0.37,0.37,-0.61
12:17:56.809 -> -0.50,0.04,0.86,-0.31,0.31,-0.79
12:17:56.903 -> -0.50,0.04,0.86,-0.06,0.31,-0.73
12:17:56.999 -> -0.50,0.04,0.86,-0.49,0.31,-0.67
12:17:57.094 -> -0.50,0.04,0.86,-0.31,0.24,-0.73
12:17:57.190 -> -0.50,0.03,0.86,0.12,0.24,-0.61
12:17:57.339 -> -0.50,0.04,0.86,0.06,0.37,-0.61
12:17:57.436 -> -0.50,0.04,0.86,-0.06,0.31,-0.73
12:17:57.532 -> -0.50,0.04,0.86,-0.24,0.31,-0.79
12:17:57.627 -> -0.50,0.04,0.86,-0.31,0.31,-0.67
12:17:57.722 -> -0.50,0.04,0.86,-0.24,0.31,-0.73
12:17:57.813 -> -0.50,0.04,0.86,-0.12,0.37,-0.61
12:17:57.907 -> -0.50,0.04,0.86,-0.43,0.24,-0.73
12:17:57.999 -> -0.50,0.04,0.86,-0.55,0.31,-0.73
12:17:58.133 -> -0.50,0.04,0.86,0.73,0.31,-0.61
12:17:58.229 -> -0.50,0.04,0.86,-0.43,0.31,-0.67
12:17:58.325 -> -0.50,0.03,0.86,-0.12,0.31,-0.55
12:17:58.422 -> -0.50,0.04,0.86,-0.43,0.12,-0.92
12:17:58.517 -> -0.50,0.04,0.86,-0.18,0.43,-0.67
12:17:58.598 -> -0.50,0.04,0.86,-0.37,0.31,-0.67
12:17:58.695 -> -0.50,0.03,0.86,-0.55,0.18,-0.73
12:17:58.790 -> -0.50,0.04,0.86,-0.24,0.31,-0.73
12:17:58.935 -> -0.50,0.04,0.86,0.55,0.37,-0.67
12:17:59.031 -> -0.50,0.04,0.86,0.00,0.31,-0.67
12:17:59.127 -> -0.50,0.04,0.86,0.24,0.18,-0.98
12:17:59.222 -> -0.50,0.04,0.86,0.24,0.43,-0.98
12:17:59.325 -> -0.50,0.04,0.86,0.06,0.49,-0.31
12:17:59.406 -> -0.50,0.04,0.86,0.43,0.12,-0.67
12:17:59.503 -> -0.50,0.04,0.86,1.95,0.31,-0.61
12:17:59.597 -> -0.50,0.05,0.86,0.18,0.06,-1.28
12:17:59.694 -> -0.51,0.05,0.86,-0.61,0.79,-0.12
12:17:59.790 -> -0.49,0.04,0.86,0.43,0.31,-0.24
12:17:59.913 -> -0.51,0.04,0.86,0.18,0.49,-0.61
12:18:00.010 -> -0.50,0.05,0.86,0.92,0.43,-0.79
12:18:00.105 -> -0.50,0.05,0.86,0.61,0.43,-0.73
12:18:00.200 -> -0.50,0.05,0.86,0.37,0.55,0.00
12:18:00.295 -> -0.50,0.05,0.86,-1.65,0.55,-0.31
12:18:00.389 -> -0.50,0.05,0.86,1.65,0.55,-0.67
12:18:00.534 -> -0.50,0.05,0.86,0.18,0.18,-1.34
12:18:00.630 -> -0.51,0.05,0.86,-0.85,0.43,-0.67
12:18:00.727 -> -0.50,0.05,0.86,-1.46,0.18,-1.53
12:18:00.823 -> -0.51,0.04,0.86,-0.31,0.18,-0.92
12:18:00.920 -> -0.50,0.05,0.86,-0.67,0.31,-0.67
12:18:01.016 -> -0.50,0.04,0.86,0.00,0.49,-0.43
12:18:01.111 -> -0.50,0.04,0.86,-1.16,0.37,-0.43
12:18:01.208 -> -0.50,0.04,0.86,-1.34,0.37,-0.73
12:18:01.304 -> -0.50,0.04,0.86,-0.43,0.37,-0.67
12:18:01.400 -> -0.50,0.04,0.86,-0.06,0.24,-0.73
12:18:01.496 -> -0.51,0.03,0.86,-1.53,0.31,-1.34
12:18:01.592 -> -0.50,0.04,0.86,0.24,0.43,-0.61
12:18:01.689 -> -0.50,0.04,0.86,0.06,0.37,-0.79
12:18:01.832 -> -0.50,0.04,0.86,-0.73,0.37,-0.43
12:18:01.907 -> -0.50,0.04,0.86,-0.67,0.18,-0.85
12:18:01.989 -> -0.50,0.04,0.86,-0.43,0.18,-0.79
12:18:02.120 -> -0.50,0.04,0.86,0.12,0.43,-0.31
12:18:02.215 -> -0.50,0.04,0.86,-0.43,0.37,-0.49
12:18:02.311 -> -0.51,0.04,0.86,-0.49,0.37,-0.79
12:18:02.407 -> -0.50,0.03,0.86,-0.06,0.55,-0.18
12:18:02.504 -> -0.50,0.03,0.86,-0.55,0.43,-0.37
12:18:02.600 -> -0.51,0.03,0.86,-0.61,0.24,-0.61
12:18:02.696 -> -0.51,0.03,0.86,1.16,0.49,-0.37
12:18:02.791 -> -0.50,0.03,0.86,0.18,0.37,-0.49
12:18:02.889 -> -0.50,0.04,0.86,-0.31,0.37,-0.73
12:18:03.033 -> -0.51,0.04,0.86,-0.12,1.04,0.18
12:18:03.129 -> -0.50,0.03,0.86,-0.06,0.85,-0.67
12:18:03.224 -> -0.51,0.03,0.86,-1.04,0.92,-0.98
12:18:03.320 -> -0.51,0.05,0.86,1.04,1.10,-0.43
12:18:03.415 -> -0.50,0.03,0.86,1.53,0.00,-0.73
12:18:03.510 -> -0.51,0.05,0.86,0.24,-0.18,-1.83
12:18:03.605 -> -0.51,0.05,0.85,0.61,0.24,-0.43
12:18:03.699 -> -0.51,0.05,0.86,-1.71,-0.12,-1.34
12:18:03.792 -> -0.52,0.02,0.86,0.18,0.61,0.43
12:18:03.923 -> -0.49,0.05,0.86,1.22,0.85,-0.37
12:18:04.019 -> -0.52,0.04,0.86,-0.92,-0.12,-1.16
12:18:04.115 -> -0.51,0.04,0.86,-1.71,1.04,-0.67
12:18:04.212 -> -0.50,0.04,0.86,-0.06,-0.12,-0.24
12:18:04.309 -> -0.51,0.03,0.86,0.06,0.24,-0.43
12:18:04.404 -> -0.50,0.04,0.86,-0.61,0.31,-0.85
12:18:04.498 -> -0.51,0.04,0.86,-0.92,-0.06,-1.16
12:18:04.593 -> -0.51,0.04,0.86,-0.43,0.43,-0.24
12:18:04.689 -> -0.50,0.04,0.86,0.49,0.24,-0.31
12:18:04.829 -> -0.51,0.04,0.86,0.18,0.24,-0.85
12:18:04.924 -> -0.51,0.04,0.86,0.37,0.18,-0.79
12:18:05.018 -> -0.51,0.04,0.86,0.55,0.18,-0.85
12:18:05.112 -> -0.50,0.04,0.86,-0.37,0.18,-0.98
12:18:05.207 -> -0.51,0.04,0.86,0.06,0.24,-0.49
12:18:05.302 -> -0.51,0.04,0.86,0.06,0.37,-0.85
12:18:05.396 -> -0.50,0.05,0.86,-0.24,0.31,-0.73
12:18:05.490 -> -0.51,0.04,0.86,-0.85,0.24,-0.49
12:18:05.633 -> -0.51,0.05,0.86,-0.98,0.61,-0.06
12:18:05.728 -> -0.51,0.03,0.86,-0.12,0.43,-0.06
12:18:05.822 -> -0.51,0.04,0.86,-0.24,0.24,-1.04
12:18:05.915 -> -0.51,0.04,0.86,-0.37,0.18,-1.10
12:18:06.011 -> -0.51,0.04,0.86,-0.49,0.31,-0.61
12:18:06.107 -> -0.51,0.04,0.86,-0.06,0.31,-0.49
12:18:06.203 -> -0.51,0.04,0.86,-0.18,0.18,-0.85
12:18:06.298 -> -0.50,0.04,0.86,-0.55,0.12,-0.92
12:18:06.394 -> -0.51,0.04,0.86,-0.24,0.24,-0.73
12:18:06.490 -> -0.50,0.04,0.86,-0.43,0.18,-0.85
12:18:06.635 -> -0.50,0.04,0.86,-0.12,0.24,-0.67
12:18:06.732 -> -0.51,0.03,0.86,-0.61,0.31,-0.61
12:18:06.828 -> -0.51,0.03,0.86,-0.24,0.37,-0.55
12:18:06.911 -> -0.51,0.03,0.86,-0.31,0.24,-0.73
12:18:07.007 -> -0.51,0.03,0.86,-0.06,0.24,-0.67
12:18:07.103 -> -0.50,0.04,0.86,0.18,0.24,-0.79
12:18:07.199 -> -0.50,0.04,0.86,-0.24,0.24,-0.73
12:18:07.294 -> -0.51,0.04,0.86,-0.31,0.24,-0.67
12:18:07.389 -> -0.50,0.03,0.86,0.06,0.31,-0.92
12:18:07.533 -> -0.51,0.03,0.86,-0.24,0.31,-0.61
12:18:07.628 -> -0.50,0.03,0.86,0.00,0.37,-0.67
12:18:07.723 -> -0.50,0.03,0.86,-0.37,0.18,-0.79
12:18:07.819 -> -0.50,0.03,0.86,-0.24,0.24,-0.67
12:18:07.916 -> -0.50,0.03,0.86,-0.12,0.31,-0.85
12:18:08.013 -> -0.51,0.04,0.86,0.55,0.37,-0.61
12:18:08.114 -> -0.50,0.04,0.86,0.12,0.24,-0.61
12:18:08.210 -> -0.51,0.03,0.86,-0.18,0.31,-0.61
12:18:08.306 -> -0.50,0.03,0.86,0.73,0.37,-0.67
12:18:08.400 -> -0.50,0.04,0.86,0.06,0.24,-0.79
12:18:08.496 -> -0.50,0.03,0.86,-0.61,0.12,-1.10
12:18:08.591 -> -0.50,0.03,0.86,0.18,0.43,-0.79
12:18:08.735 -> -0.50,0.04,0.86,0.06,0.37,-0.55
12:18:08.831 -> -0.50,0.04,0.86,0.31,0.31,-0.73
12:18:08.926 -> -0.50,0.04,0.86,-0.24,0.31,-0.73
12:18:09.022 -> -0.51,0.04,0.86,0.18,0.37,-0.67
12:18:09.118 -> -0.50,0.04,0.86,-0.37,0.18,-0.61
12:18:09.214 -> -0.50,0.04,0.86,-0.43,0.18,-0.73
12:18:09.310 -> -0.50,0.04,0.86,-0.24,0.31,-0.67
12:18:09.406 -> -0.51,0.04,0.86,-0.24,0.31,-0.61
12:18:09.501 -> -0.50,0.04,0.86,-0.37,0.31,-0.73
12:18:09.597 -> -0.51,0.04,0.86,-0.61,0.37,-0.61
12:18:09.693 -> -0.50,0.04,0.86,-0.49,0.31,-0.67
12:18:09.788 -> -0.50,0.04,0.86,-0.24,0.24,-0.61
12:18:09.925 -> -0.50,0.04,0.86,-0.18,0.31,-0.43
12:18:10.020 -> -0.50,0.04,0.86,-1.10,0.12,-0.61
12:18:10.117 -> -0.50,0.03,0.86,-0.55,0.24,-1.10
12:18:10.212 -> -0.50,0.03,0.86,-0.24,0.24,-0.73
12:18:10.306 -> -0.50,0.03,0.86,-0.24,0.31,-0.49
12:18:10.401 -> -0.50,0.03,0.86,-0.55,0.31,-0.67
12:18:10.497 -> -0.50,0.03,0.86,-0.18,0.43,-0.73
12:18:10.594 -> -0.50,0.03,0.86,0.37,0.49,-0.67
12:18:10.690 -> -0.50,0.03,0.86,0.00,0.37,-0.73
12:18:10.825 -> -0.50,0.03,0.86,-0.24,0.37,-0.79
12:18:10.920 -> -0.50,0.03,0.86,0.00,0.31,-0.79
12:18:11.014 -> -0.50,0.03,0.86,-0.55,0.24,-0.73
12:18:11.110 -> -0.50,0.03,0.86,-0.18,0.31,-0.73
12:18:11.204 -> -0.50,0.03,0.86,0.43,0.43,-0.73
12:18:11.295 -> -0.50,0.03,0.86,-0.18,0.24,-0.92
12:18:11.392 -> -0.50,0.03,0.86,0.00,0.24,-0.79
12:18:11.489 -> -0.50,0.03,0.86,-0.06,0.31,-0.79
12:18:11.626 -> -0.50,0.03,0.86,0.06,0.37,-0.85
12:18:11.722 -> -0.50,0.03,0.86,-0.37,0.31,-0.79
12:18:11.813 -> -0.50,0.03,0.86,-0.37,0.31,-0.85
12:18:11.907 -> -0.50,0.03,0.86,-0.67,0.31,-0.85
12:18:12.003 -> -0.50,0.03,0.86,0.31,0.31,-0.67
12:18:12.100 -> -0.50,0.03,0.86,-0.49,0.31,-0.73
12:18:12.196 -> -0.50,0.03,0.86,-0.37,0.31,-0.73
12:18:12.291 -> -0.50,0.03,0.86,-0.37,0.24,-0.67
12:18:12.435 -> -0.50,0.04,0.86,-0.73,0.24,-0.73
12:18:12.531 -> -0.50,0.03,0.86,0.43,0.37,-0.55
12:18:12.628 -> -0.50,0.03,0.86,0.18,0.31,-0.61
12:18:12.725 -> -0.50,0.03,0.86,-0.24,0.31,-0.73
12:18:12.821 -> -0.50,0.03,0.86,-0.43,0.43,-0.67
12:18:12.916 -> -0.50,0.03,0.86,-0.06,0.24,-0.73
12:18:13.014 -> -0.50,0.03,0.86,-0.49,0.24,-0.61
12:18:13.114 -> -0.50,0.03,0.86,0.12,0.43,-0.49
12:18:13.210 -> -0.50,0.03,0.86,-0.43,0.37,-0.73
12:18:13.305 -> -0.50,0.03,0.86,-0.31,0.37,-0.79
12:18:13.402 -> -0.50,0.03,0.86,-0.12,0.37,-0.61
12:18:13.499 -> -0.50,0.03,0.86,-0.31,0.24,-0.55
12:18:13.597 -> -0.50,0.03,0.86,-0.12,0.18,-0.49
12:18:13.691 -> -0.50,0.03,0.86,0.06,0.37,-0.49
12:18:13.836 -> -0.50,0.03,0.86,-0.31,0.31,-0.67
12:18:13.917 -> -0.50,0.03,0.86,-0.49,0.12,-0.67
12:18:14.013 -> -0.51,0.03,0.86,0.24,0.43,-0.61
12:18:14.110 -> -0.50,0.03,0.86,-0.31,0.24,-0.79
12:18:14.205 -> -0.50,0.03,0.86,0.00,0.37,-0.85
12:18:14.302 -> -0.50,0.03,0.86,-0.43,0.31,-0.67
12:18:14.398 -> -0.50,0.03,0.86,-0.24,0.18,-0.55
12:18:14.494 -> -0.50,0.03,0.86,-0.43,0.24,-0.85
12:18:14.589 -> -0.50,0.03,0.86,-0.24,0.37,-0.73
12:18:14.734 -> -0.50,0.03,0.86,0.24,0.43,-0.67
12:18:14.830 -> -0.50,0.03,0.86,-0.24,0.31,-0.92
12:18:14.925 -> -0.50,0.03,0.86,-0.85,0.24,-0.73
12:18:15.016 -> -0.50,0.03,0.86,0.00,0.37,-0.67
12:18:15.103 -> -0.50,0.03,0.86,0.00,0.31,-0.73
12:18:15.198 -> -0.50,0.03,0.86,-0.18,0.31,-0.67
12:18:15.295 -> -0.50,0.03,0.86,-0.24,0.24,-0.73
12:18:15.391 -> -0.50,0.03,0.86,-0.31,0.61,-0.24
12:18:15.535 -> -0.50,0.03,0.86,0.49,-0.12,-1.10
12:18:15.632 -> -0.50,0.04,0.86,-3.05,-0.24,-1.22
12:18:15.728 -> -0.51,0.02,0.86,0.06,0.85,-0.49
12:18:15.824 -> -0.50,0.02,0.86,-0.85,0.37,-0.31
12:18:15.930 -> -0.50,0.02,0.86,0.00,0.31,-0.85
12:18:16.025 -> -0.50,0.02,0.86,0.85,0.37,-0.98
12:18:16.121 -> -0.50,0.03,0.86,0.37,0.49,-1.04
12:18:16.218 -> -0.50,0.03,0.86,0.31,0.31,-0.37
12:18:16.315 -> -0.50,0.02,0.86,0.00,0.24,-0.85
12:18:16.411 -> -0.50,0.03,0.86,-0.12,0.24,-0.73
12:18:16.506 -> -0.50,0.03,0.86,0.43,0.37,-0.85
12:18:16.602 -> -0.50,0.03,0.86,-0.18,0.31,-0.79
12:18:16.699 -> -0.50,0.02,0.86,0.06,0.37,-0.67
12:18:16.794 -> -0.50,0.03,0.86,-0.37,0.37,-0.79
12:18:16.890 -> -0.50,0.03,0.86,-0.06,0.37,-0.73
12:18:17.033 -> -0.50,0.03,0.86,0.12,0.49,-0.67
12:18:17.129 -> -0.50,0.03,0.86,0.12,0.31,-0.92
12:18:17.225 -> -0.50,0.03,0.86,0.18,0.37,-0.61
12:18:17.321 -> -0.50,0.03,0.86,-0.18,0.37,-0.61
12:18:17.417 -> -0.50,0.03,0.86,0.06,0.31,-0.73
12:18:17.512 -> -0.50,0.03,0.86,-0.18,0.24,-0.85
12:18:17.608 -> -0.50,0.03,0.86,-0.12,0.24,-0.79
12:18:17.703 -> -0.50,0.03,0.86,0.00,0.37,-0.61
12:18:17.799 -> -0.50,0.03,0.86,-0.24,0.31,-0.85
12:18:17.895 -> -0.50,0.03,0.86,-0.12,0.31,-0.79
12:18:17.989 -> -0.50,0.03,0.86,-0.18,0.31,-0.67
12:18:18.121 -> -0.50,0.03,0.86,0.00,0.18,-0.85
12:18:18.216 -> -0.50,0.03,0.86,0.12,0.37,-0.67
12:18:18.313 -> -0.50,0.03,0.86,-0.31,0.37,-0.73
12:18:18.408 -> -0.50,0.03,0.86,-0.24,0.24,-0.79
12:18:18.491 -> -0.50,0.03,0.86,0.00,0.37,-0.61
12:18:18.634 -> -0.51,0.03,0.86,0.06,0.37,-0.61
12:18:18.730 -> -0.50,0.03,0.86,-0.24,0.31,-0.98
12:18:18.827 -> -0.50,0.03,0.86,0.00,0.37,-0.55
12:18:18.922 -> -0.50,0.03,0.86,-0.06,0.37,-0.73
12:18:19.018 -> -0.50,0.03,0.86,-0.12,0.31,-0.73
12:18:19.113 -> -0.50,0.03,0.86,0.00,0.37,-0.73
12:18:19.210 -> -0.50,0.03,0.86,-0.06,0.37,-0.67
12:18:19.307 -> -0.50,0.03,0.86,0.06,0.31,-0.73
12:18:19.404 -> -0.50,0.03,0.86,0.00,0.31,-0.73
12:18:19.498 -> -0.50,0.03,0.86,-0.61,0.24,-0.79
12:18:19.594 -> -0.50,0.03,0.86,-0.49,0.24,-0.73
12:18:19.691 -> -0.50,0.02,0.86,0.31,0.37,-0.67
12:18:19.835 -> -0.50,0.03,0.86,-0.12,0.24,-0.92
12:18:19.929 -> -0.50,0.03,0.86,0.12,0.31,-0.79
12:18:20.020 -> -0.50,0.03,0.86,0.12,0.37,-0.73
12:18:20.116 -> -0.50,0.03,0.86,-0.06,0.18,-0.79
12:18:20.212 -> -0.50,0.03,0.86,-0.37,0.31,-0.73
12:18:20.306 -> -0.50,0.03,0.86,-0.06,0.37,-0.73
12:18:20.402 -> -0.50,0.03,0.86,-0.37,0.31,-0.79
12:18:20.497 -> -0.50,0.03,0.86,-0.43,0.24,-0.73
12:18:20.593 -> -0.50,0.03,0.86,-0.12,0.24,-0.85
12:18:20.690 -> -0.50,0.03,0.86,0.98,0.24,-0.61
12:18:20.834 -> -0.51,0.03,0.86,0.55,0.37,-0.85
12:18:20.929 -> -0.50,0.03,0.86,-0.12,0.24,-0.92
12:18:21.026 -> -0.51,0.03,0.86,0.00,0.24,-0.55
12:18:21.122 -> -0.50,0.03,0.86,0.00,0.43,-0.67
12:18:21.218 -> -0.50,0.03,0.86,0.00,0.31,-0.79
12:18:21.314 -> -0.50,0.03,0.86,0.12,0.37,-0.73
12:18:21.409 -> -0.50,0.03,0.86,0.24,0.37,-0.55
12:18:21.504 -> -0.50,0.03,0.86,-0.06,0.31,-0.67
12:18:21.600 -> -0.50,0.03,0.86,0.06,0.31,-0.79
12:18:21.697 -> -0.50,0.03,0.86,0.18,0.37,-0.61
12:18:21.792 -> -0.51,0.03,0.86,0.24,0.37,-0.61
12:18:21.935 -> -0.50,0.04,0.86,-0.12,0.31,-0.67
12:18:22.029 -> -0.50,0.03,0.86,0.06,0.43,-0.67
12:18:22.125 -> -0.50,0.03,0.86,-0.18,0.37,-0.73
12:18:22.221 -> -0.50,0.03,0.86,-0.12,0.24,-0.73
12:18:22.316 -> -0.50,0.03,0.86,-0.18,0.37,-0.73
12:18:22.413 -> -0.50,0.04,0.86,-0.18,0.24,-0.85
12:18:22.508 -> -0.50,0.04,0.86,-0.18,0.24,-0.67
12:18:22.604 -> -0.50,0.03,0.86,0.06,0.31,-0.67
12:18:22.700 -> -0.50,0.04,0.86,-0.12,0.31,-0.67
12:18:22.796 -> -0.50,0.03,0.86,0.24,0.31,-0.79
12:18:22.892 -> -0.50,0.03,0.86,-0.12,0.31,-0.73
12:18:23.036 -> -0.50,0.03,0.86,-0.06,0.31,-0.67
12:18:23.131 -> -0.50,0.03,0.86,0.00,0.37,-0.73
12:18:23.228 -> -0.50,0.03,0.86,0.00,0.37,-0.73
12:18:23.324 -> -0.50,0.04,0.86,0.06,0.31,-0.73
12:18:23.420 -> -0.50,0.03,0.86,-0.06,0.31,-0.67
12:18:23.516 -> -0.50,0.03,0.86,0.12,0.37,-0.67
12:18:23.611 -> -0.51,0.04,0.86,0.31,0.43,-0.79
12:18:23.707 -> -0.50,0.04,0.86,-0.31,0.24,-0.73
12:18:23.804 -> -0.50,0.04,0.86,0.00,0.31,-0.79
12:18:23.898 -> -0.51,0.04,0.86,0.18,0.31,-0.92
12:18:24.030 -> -0.50,0.04,0.86,-0.24,0.31,-0.85
12:18:24.127 -> -0.51,0.04,0.86,-0.31,0.37,-0.61
12:18:24.222 -> -0.50,0.04,0.86,-0.43,0.37,-0.73
12:18:24.319 -> -0.50,0.04,0.86,-0.12,0.31,-0.85
12:18:24.414 -> -0.50,0.04,0.86,-0.18,0.37,-0.92
12:18:24.510 -> -0.51,0.04,0.86,-0.61,0.31,-0.73
12:18:24.606 -> -0.50,0.03,0.86,-0.85,0.37,-0.67
12:18:24.702 -> -0.50,0.03,0.86,-0.18,0.43,-0.79
12:18:24.799 -> -0.50,0.04,0.86,-0.37,0.24,-1.04
12:18:24.895 -> -0.50,0.03,0.86,0.37,0.37,-0.79
12:18:24.990 -> -0.50,0.04,0.86,-0.12,0.31,-0.92
12:18:25.135 -> -0.50,0.03,0.86,0.12,0.31,-0.79
12:18:25.231 -> -0.50,0.03,0.86,0.00,0.31,-0.73
12:18:25.326 -> -0.50,0.03,0.86,0.18,0.31,-0.73
12:18:25.422 -> -0.50,0.04,0.86,-0.18,0.24,-0.73
12:18:25.519 -> -0.50,0.03,0.86,-0.06,0.31,-0.67
12:18:25.615 -> -0.50,0.03,0.86,-0.18,0.18,-0.85
12:18:25.711 -> -0.50,0.04,0.86,-0.12,0.37,-0.73
12:18:25.808 -> -0.50,0.04,0.86,0.12,0.43,-0.73
12:18:25.902 -> -0.50,0.04,0.86,-0.12,0.43,-0.79
12:18:26.005 -> -0.51,0.04,0.86,0.18,0.43,-0.55
12:18:26.134 -> -0.50,0.04,0.86,-0.18,0.37,-0.73
12:18:26.231 -> -0.50,0.03,0.86,0.06,0.31,-0.79
12:18:26.327 -> -0.50,0.04,0.86,-0.06,0.31,-0.61
12:18:26.422 -> -0.50,0.04,0.86,-0.06,0.24,-0.73
12:18:26.518 -> -0.50,0.03,0.86,0.18,0.31,-0.67
12:18:26.615 -> -0.50,0.03,0.86,0.12,0.31,-0.73
12:18:26.711 -> -0.50,0.04,0.86,0.18,0.31,-0.73
12:18:26.806 -> -0.50,0.04,0.86,0.12,0.31,-0.61
12:18:26.914 -> -0.50,0.04,0.86,0.00,0.18,-0.79
12:18:27.030 -> -0.50,0.04,0.86,0.24,0.31,-0.79
12:18:27.125 -> -0.50,0.04,0.86,-0.31,0.37,-0.67
12:18:27.222 -> -0.50,0.04,0.86,-0.18,0.31,-0.73
12:18:27.317 -> -0.50,0.04,0.86,0.06,0.37,-0.79
12:18:27.414 -> -0.50,0.04,0.86,0.00,0.31,-0.79
12:18:27.510 -> -0.50,0.04,0.86,0.00,0.31,-0.79
12:18:27.605 -> -0.50,0.04,0.86,-0.18,0.24,-0.85
12:18:27.700 -> -0.50,0.04,0.86,0.12,0.31,-0.92
12:18:27.796 -> -0.50,0.04,0.86,-0.06,0.24,-0.79
12:18:27.891 -> -0.50,0.04,0.86,-0.24,0.31,-0.61
12:18:28.022 -> -0.50,0.04,0.86,-0.24,0.24,-0.73
12:18:28.117 -> -0.50,0.04,0.86,0.06,0.24,-0.67
12:18:28.213 -> -0.50,0.04,0.86,-0.18,0.31,-0.79
12:18:28.309 -> -0.50,0.04,0.86,-0.06,0.24,-0.67
12:18:28.406 -> -0.50,0.03,0.86,0.49,0.31,-0.79
12:18:28.503 -> -0.50,0.04,0.86,-0.37,0.31,-0.73
12:18:28.598 -> -0.50,0.04,0.86,-0.43,0.24,-0.67
12:18:28.695 -> -0.50,0.04,0.86,0.00,0.37,-0.61
12:18:28.791 -> -0.50,0.04,0.86,-0.06,0.24,-0.79
12:18:28.934 -> -0.50,0.04,0.86,0.06,0.31,-0.85
12:18:29.030 -> -0.50,0.04,0.86,-0.43,0.24,-0.79
12:18:29.126 -> -0.50,0.04,0.86,0.24,0.31,-0.73
12:18:29.222 -> -0.50,0.04,0.86,-0.18,0.31,-0.79
12:18:29.318 -> -0.50,0.04,0.86,-0.49,0.31,-0.67
12:18:29.413 -> -0.50,0.03,0.86,0.00,0.37,-0.79
12:18:29.508 -> -0.50,0.04,0.86,0.00,0.31,-0.73
12:18:29.604 -> -0.50,0.04,0.86,-0.37,0.24,-0.67
12:18:29.700 -> -0.50,0.04,0.86,-0.18,0.31,-0.79
12:18:29.795 -> -0.50,0.04,0.86,-0.31,0.31,-0.73
12:18:29.890 -> -0.51,0.04,0.86,-0.55,0.31,-0.61
12:18:30.022 -> -0.50,0.04,0.86,-0.06,0.18,-0.73
12:18:30.110 -> -0.50,0.03,0.86,-0.18,0.24,-0.79
12:18:30.207 -> -0.50,0.04,0.86,-0.43,0.31,-0.79
12:18:30.303 -> -0.50,0.03,0.86,-0.12,0.31,-0.67
12:18:30.398 -> -0.50,0.04,0.86,-0.12,0.31,-0.79
12:18:30.495 -> -0.51,0.04,0.86,0.00,0.24,-0.73
12:18:30.590 -> -0.50,0.04,0.86,-0.49,0.24,-0.61
12:18:30.721 -> -0.50,0.04,0.86,0.12,0.24,-0.67
12:18:30.794 -> -0.50,0.03,0.86,0.18,0.37,-0.67
12:18:30.925 -> -0.50,0.04,0.86,0.06,0.18,-0.79
12:18:31.022 -> -0.50,0.04,0.86,0.49,0.31,-0.61
12:18:31.117 -> -0.50,0.04,0.86,-0.06,0.37,-0.73
12:18:31.213 -> -0.50,0.03,0.86,0.12,0.37,-0.67
12:18:31.309 -> -0.50,0.04,0.86,0.06,0.31,-0.79
12:18:31.405 -> -0.50,0.04,0.86,0.12,0.31,-0.79
12:18:31.500 -> -0.51,0.04,0.86,0.00,0.31,-0.67
12:18:31.596 -> -0.50,0.04,0.86,-0.61,0.31,-0.73
12:18:31.692 -> -0.50,0.04,0.86,-0.06,0.31,-0.79
12:18:31.800 -> -0.50,0.04,0.86,0.18,0.37,-0.67
12:18:31.931 -> -0.51,0.04,0.86,0.06,0.31,-0.61
12:18:32.029 -> -0.50,0.04,0.86,-0.18,0.37,-0.73
12:18:32.124 -> -0.51,0.04,0.86,0.12,0.43,-0.61
12:18:32.221 -> -0.50,0.04,0.86,-0.79,0.24,-0.79
12:18:32.317 -> -0.51,0.03,0.86,-0.06,0.31,-0.67
12:18:32.413 -> -0.50,0.04,0.86,-0.06,0.31,-0.61
12:18:32.509 -> -0.50,0.03,0.86,0.49,0.31,-0.73
12:18:32.605 -> -0.50,0.03,0.86,0.12,0.24,-0.73
12:18:32.700 -> -0.50,0.04,0.86,-0.12,0.24,-0.67
12:18:32.796 -> -0.50,0.04,0.86,-0.24,0.18,-0.73
12:18:32.893 -> -0.50,0.04,0.86,-0.12,0.37,-0.67
12:18:32.989 -> -0.50,0.04,0.86,0.24,0.18,-0.79
12:18:33.135 -> -0.50,0.03,0.86,0.06,0.37,-0.73
12:18:33.231 -> -0.50,0.04,0.86,-0.49,0.43,-0.79
12:18:33.326 -> -0.50,0.03,0.86,-0.24,0.31,-0.85
12:18:33.421 -> -0.50,0.04,0.86,-0.18,0.24,-0.98
12:18:33.518 -> -0.51,0.04,0.86,-1.10,0.67,-0.49
12:18:33.612 -> -0.50,0.03,0.86,-0.85,0.67,-0.12
12:18:33.708 -> -0.50,0.03,0.86,0.24,0.24,-0.67
12:18:33.804 -> -0.50,0.03,0.86,0.31,-0.12,-1.46
12:18:33.901 -> -0.50,0.03,0.86,0.67,0.00,-1.71
12:18:33.996 -> -0.50,0.04,0.86,0.06,-0.06,-1.53
12:18:34.101 -> -0.50,0.04,0.86,0.00,0.12,-1.46
12:18:34.195 -> -0.50,0.04,0.86,-0.06,0.18,-1.22
12:18:34.326 -> -0.50,0.04,0.86,0.00,0.37,-0.79
12:18:34.421 -> -0.50,0.03,0.86,-0.49,0.49,-0.55
12:18:34.519 -> -0.51,0.03,0.86,-0.85,0.49,-0.49
12:18:34.616 -> -0.50,0.03,0.86,-0.73,0.18,-0.79
12:18:34.711 -> -0.50,0.03,0.86,0.18,0.31,-0.73
12:18:34.807 -> -0.50,0.03,0.86,0.00,0.31,-0.55
12:18:34.903 -> -0.50,0.03,0.86,-0.43,0.24,-0.73
12:18:34.999 -> -0.50,0.04,0.86,-0.06,0.24,-0.73
12:18:35.095 -> -0.51,0.03,0.86,0.55,0.24,-0.98
12:18:35.192 -> -0.50,0.04,0.86,-0.43,0.24,-0.67
12:18:35.335 -> -0.50,0.04,0.86,0.24,0.37,-0.61
12:18:35.431 -> -0.50,0.03,0.86,-0.37,0.31,-0.73
12:18:35.526 -> -0.50,0.03,0.86,-0.24,0.31,-0.55
12:18:35.622 -> -0.50,0.04,0.86,-0.12,0.37,-0.79
12:18:35.717 -> -0.50,0.03,0.86,-0.06,0.24,-0.85
12:18:35.815 -> -0.50,0.04,0.86,0.00,0.24,-0.67
12:18:35.907 -> -0.50,0.04,0.86,-0.12,0.24,-0.61
12:18:36.002 -> -0.50,0.03,0.86,-0.06,0.24,-0.73
12:18:36.103 -> -0.50,0.03,0.86,0.24,0.24,-0.73
12:18:36.200 -> -0.50,0.04,0.86,0.12,0.31,-0.79
12:18:36.295 -> -0.50,0.03,0.86,0.06,0.37,-0.79
12:18:36.390 -> -0.50,0.03,0.86,0.12,0.31,-0.85
12:18:36.534 -> -0.50,0.04,0.86,0.12,0.31,-0.79
12:18:36.631 -> -0.50,0.04,0.86,-0.12,0.31,-0.73
12:18:36.728 -> -0.50,0.04,0.86,-0.18,0.18,-0.85
12:18:36.824 -> -0.50,0.04,0.86,-0.12,0.18,-0.73
12:18:36.921 -> -0.50,0.04,0.86,-0.06,0.31,-0.73
12:18:37.017 -> -0.50,0.04,0.86,0.18,0.37,-0.67
12:18:37.112 -> -0.50,0.04,0.86,0.37,0.31,-0.79
12:18:37.208 -> -0.50,0.04,0.86,0.12,0.18,-0.61
12:18:37.304 -> -0.50,0.04,0.86,-0.06,0.31,-0.61
12:18:37.400 -> -0.50,0.04,0.86,-0.12,0.31,-0.67
12:18:37.497 -> -0.50,0.04,0.86,-0.12,0.37,-0.79
12:18:37.593 -> -0.50,0.04,0.86,-0.06,0.31,-0.79
12:18:37.736 -> -0.50,0.04,0.86,-0.06,0.24,-0.73
12:18:37.831 -> -0.50,0.04,0.86,-0.24,0.31,-0.67
12:18:37.928 -> -0.50,0.04,0.86,-0.43,0.24,-0.79
12:18:38.022 -> -0.50,0.04,0.86,-0.18,0.31,-0.73
12:18:38.129 -> -0.50,0.04,0.86,-0.24,0.37,-0.49
12:18:38.224 -> -0.50,0.04,0.86,-0.06,0.31,-0.79
12:18:38.320 -> -0.50,0.04,0.86,0.24,0.12,-0.85
12:18:38.417 -> -0.50,0.04,0.86,0.12,0.24,-0.67
12:18:38.512 -> -0.50,0.04,0.86,-0.12,0.37,-0.73
12:18:38.608 -> -0.50,0.04,0.86,-0.31,0.31,-0.73
12:18:38.704 -> -0.50,0.04,0.86,-0.18,0.31,-0.67
12:18:38.800 -> -0.50,0.04,0.86,0.06,0.31,-0.73
12:18:38.896 -> -0.50,0.04,0.86,0.00,0.24,-0.85
12:18:38.992 -> -0.50,0.04,0.86,0.06,0.24,-0.79
12:18:39.136 -> -0.50,0.04,0.86,0.06,0.31,-0.61
12:18:39.232 -> -0.50,0.04,0.86,-0.79,0.12,-0.79
12:18:39.327 -> -0.50,0.04,0.86,0.24,0.31,-0.73
12:18:39.423 -> -0.50,0.04,0.86,-0.24,0.37,-0.73
12:18:39.519 -> -0.50,0.04,0.86,-0.18,0.37,-0.73
12:18:39.616 -> -0.50,0.04,0.86,0.06,0.37,-0.79
12:18:39.711 -> -0.50,0.04,0.86,0.18,0.31,-0.79
12:18:39.795 -> -0.50,0.04,0.86,0.18,0.37,-0.67
12:18:39.926 -> -0.50,0.04,0.86,0.12,0.37,-0.67
12:18:40.022 -> -0.50,0.03,0.86,1.10,0.55,-0.67
12:18:40.113 -> -0.50,0.04,0.86,-0.43,0.18,-0.85
12:18:40.209 -> -0.50,0.04,0.86,0.24,0.37,-0.73
12:18:40.304 -> -0.50,0.04,0.86,-0.06,0.31,-0.79
12:18:40.399 -> -0.50,0.04,0.86,-0.06,0.31,-0.85
12:18:40.495 -> -0.50,0.04,0.86,0.06,0.31,-0.67
12:18:40.590 -> -0.50,0.04,0.86,0.00,0.31,-0.79
12:18:40.734 -> -0.50,0.04,0.86,-0.12,0.24,-0.73
12:18:40.830 -> -0.50,0.04,0.86,-0.18,0.31,-0.67
12:18:40.926 -> -0.50,0.04,0.86,-0.12,0.31,-0.67
12:18:41.023 -> -0.50,0.04,0.86,0.00,0.37,-0.67
12:18:41.118 -> -0.50,0.04,0.86,-0.12,0.31,-0.73
12:18:41.214 -> -0.50,0.04,0.86,-0.31,0.31,-0.73
12:18:41.309 -> -0.50,0.04,0.86,-0.18,0.31,-0.67
12:18:41.404 -> -0.50,0.04,0.86,-0.24,0.24,-0.79
12:18:41.498 -> -0.50,0.04,0.86,-0.18,0.37,-0.67
12:18:41.594 -> -0.50,0.04,0.86,-1.10,0.12,-0.85
12:18:41.690 -> -0.50,0.04,0.86,0.06,0.24,-0.79
12:18:41.834 -> -0.50,0.04,0.86,0.12,0.37,-0.67
12:18:41.931 -> -0.50,0.04,0.86,0.00,0.43,-0.67
12:18:42.028 -> -0.50,0.04,0.86,-0.12,0.24,-0.73
12:18:42.121 -> -0.50,0.04,0.86,0.00,0.37,-0.67
12:18:42.216 -> -0.50,0.04,0.86,0.06,0.24,-0.73
12:18:42.309 -> -0.50,0.04,0.86,-0.79,0.06,-0.73
12:18:42.398 -> -0.50,0.04,0.86,0.37,0.49,-0.61
12:18:42.494 -> -0.50,0.04,0.86,-0.18,0.24,-0.73
12:18:42.590 -> -0.50,0.04,0.86,-0.18,0.24,-0.73
12:18:42.734 -> -0.50,0.04,0.86,-0.18,0.31,-0.73
12:18:42.830 -> -0.50,0.04,0.86,-0.06,0.24,-0.79
12:18:42.925 -> -0.50,0.04,0.86,0.00,0.24,-0.73
12:18:43.020 -> -0.50,0.04,0.86,0.00,0.31,-0.73
12:18:43.117 -> -0.50,0.04,0.86,-0.31,0.37,-0.61
12:18:43.209 -> -0.50,0.04,0.86,-0.06,0.31,-0.79
12:18:43.305 -> -0.50,0.04,0.86,0.18,0.31,-0.79
12:18:43.400 -> -0.50,0.04,0.86,-0.24,0.31,-0.79
12:18:43.496 -> -0.50,0.04,0.86,-0.31,0.37,-0.73
12:18:43.631 -> -0.50,0.04,0.86,-0.24,0.37,-0.79
12:18:43.728 -> -0.50,0.04,0.86,0.49,0.55,-0.73
12:18:43.823 -> -0.50,0.04,0.86,-0.31,0.24,-0.79
12:18:43.919 -> -0.50,0.04,0.86,-0.31,0.24,-0.79
12:18:44.003 -> -0.50,0.04,0.86,-0.24,0.18,-0.79
12:18:44.098 -> -0.50,0.04,0.86,-0.67,0.18,-0.73
12:18:44.234 -> -0.50,0.04,0.86,0.06,0.43,-0.67
12:18:44.330 -> -0.50,0.04,0.86,-0.06,0.37,-0.73
12:18:44.425 -> -0.50,0.04,0.86,-0.06,0.37,-0.85
12:18:44.521 -> -0.50,0.04,0.86,-0.31,0.37,-0.67
12:18:44.618 -> -0.50,0.04,0.86,0.18,0.37,-0.73
12:18:44.714 -> -0.50,0.04,0.86,0.61,0.49,-0.79
12:18:44.810 -> -0.50,0.04,0.86,-0.24,0.24,-0.67
12:18:44.907 -> -0.50,0.04,0.86,-0.12,0.18,-0.61
12:18:45.002 -> -0.50,0.04,0.86,-0.24,0.24,-0.67
12:18:45.099 -> -0.50,0.04,0.86,-0.06,0.37,-0.73
12:18:45.194 -> -0.50,0.04,0.86,0.00,0.43,-0.61
12:18:45.289 -> -0.50,0.04,0.86,0.31,0.18,-0.85
12:18:45.433 -> -0.50,0.05,0.86,0.00,0.06,-0.79
12:18:45.529 -> -0.50,0.04,0.86,0.55,0.31,-0.49
12:18:45.625 -> -0.50,0.04,0.86,0.61,0.43,-0.61
12:18:45.721 -> -0.50,0.04,0.86,0.31,0.24,-0.98
12:18:45.815 -> -0.50,0.04,0.86,0.12,0.18,-0.61
12:18:45.910 -> -0.50,0.05,0.86,-0.55,0.31,-0.43
12:18:46.005 -> -0.50,0.04,0.86,-0.18,0.37,-0.61
12:18:46.099 -> -0.50,0.04,0.86,0.24,0.24,-0.79
12:18:46.223 -> -0.50,0.04,0.86,0.24,0.24,-0.85
12:18:46.319 -> -0.50,0.05,0.86,0.18,0.31,-0.92
12:18:46.415 -> -0.50,0.05,0.86,-0.37,0.18,-0.85
12:18:46.511 -> -0.50,0.04,0.86,0.06,0.49,-0.49
12:18:46.613 -> -0.50,0.04,0.86,-0.31,0.37,-0.79
12:18:46.707 -> -0.50,0.04,0.86,0.06,0.43,-0.79
12:18:46.804 -> -0.50,0.04,0.86,-0.18,0.31,-0.73
12:18:46.899 -> -0.50,0.04,0.86,-0.12,0.31,-0.73
12:18:47.033 -> -0.50,0.04,0.86,-0.24,0.37,-0.67
12:18:47.129 -> -0.50,0.04,0.86,-0.43,0.31,-0.67
12:18:47.224 -> -0.50,0.04,0.86,-0.18,0.31,-0.67
12:18:47.321 -> -0.50,0.05,0.86,0.06,0.24,-0.73
12:18:47.417 -> -0.50,0.05,0.86,0.06,0.24,-0.73
12:18:47.514 -> -0.50,0.05,0.86,-0.12,0.43,-0.61
12:18:47.610 -> -0.50,0.05,0.86,-0.24,0.24,-0.73
12:18:47.706 -> -0.50,0.04,0.86,0.12,0.31,-0.85
12:18:47.802 -> -0.50,0.05,0.86,-0.06,0.31,-0.79
12:18:47.896 -> -0.50,0.05,0.86,-0.24,0.18,-0.67
12:18:47.992 -> -0.50,0.04,0.86,-0.18,0.37,-0.61
12:18:48.133 -> -0.50,0.04,0.86,0.18,0.24,-0.61
12:18:48.228 -> -0.50,0.04,0.86,0.12,0.31,-0.55
12:18:48.325 -> -0.50,0.04,0.86,0.24,0.43,-0.67
12:18:48.421 -> -0.50,0.04,0.86,0.12,0.31,-0.73
12:18:48.517 -> -0.50,0.04,0.86,-0.12,0.31,-0.61
12:18:48.613 -> -0.50,0.04,0.87,-0.12,0.31,-0.67
12:18:48.709 -> -0.50,0.04,0.86,0.06,0.31,-0.73
12:18:48.805 -> -0.50,0.05,0.86,-0.24,0.31,-0.67
12:18:48.901 -> -0.50,0.05,0.86,-0.31,0.31,-0.73
12:18:48.996 -> -0.50,0.05,0.86,-0.43,0.24,-0.73
12:18:49.093 -> -0.50,0.05,0.86,-0.12,0.31,-0.79
12:18:49.189 -> -0.50,0.05,0.86,-0.12,0.31,-0.67
12:18:49.334 -> -0.50,0.05,0.86,0.24,0.31,-0.67
12:18:49.430 -> -0.50,0.05,0.86,0.00,0.31,-0.73
12:18:49.526 -> -0.50,0.05,0.86,-0.06,0.43,-0.55
12:18:49.623 -> -0.50,0.05,0.86,0.06,0.43,-0.67
12:18:49.718 -> -0.50,0.05,0.86,-0.18,0.37,-0.79
12:18:49.815 -> -0.50,0.05,0.86,0.00,0.37,-0.73
12:18:49.910 -> -0.50,0.05,0.86,-0.24,0.31,-0.73
12:18:50.006 -> -0.50,0.05,0.86,-0.31,0.37,-0.73
12:18:50.101 -> -0.50,0.05,0.86,-0.31,0.37,-0.67
12:18:50.203 -> -0.50,0.05,0.86,-0.49,0.24,-0.67
12:18:50.336 -> -0.50,0.05,0.86,-0.37,0.37,-0.67
12:18:50.431 -> -0.50,0.05,0.86,0.06,0.37,-0.73
12:18:50.525 -> -0.50,0.05,0.86,-0.18,0.37,-0.85
12:18:50.621 -> -0.50,0.05,0.86,-0.18,0.49,-0.73
12:18:50.717 -> -0.50,0.05,0.86,-0.18,0.37,-0.79
12:18:50.807 -> -0.50,0.05,0.86,-0.12,0.24,-0.85
12:18:50.900 -> -0.50,0.05,0.86,0.06,0.31,-0.79
12:18:50.996 -> -0.50,0.05,0.86,-0.06,0.31,-0.67
12:18:51.091 -> -0.50,0.05,0.86,-0.24,0.24,-0.79
12:18:51.235 -> -0.50,0.05,0.86,0.06,0.24,-0.67
12:18:51.330 -> -0.50,0.05,0.86,0.24,0.31,-0.73
12:18:51.427 -> -0.50,0.05,0.86,0.06,0.31,-0.73
12:18:51.523 -> -0.50,0.05,0.86,-0.12,0.31,-0.67
12:18:51.620 -> -0.50,0.05,0.86,-0.18,0.31,-0.79
12:18:51.715 -> -0.50,0.05,0.86,-0.24,0.24,-0.79
12:18:51.810 -> -0.50,0.05,0.86,0.06,0.31,-0.73
12:18:51.906 -> -0.50,0.05,0.86,-0.12,0.24,-0.73
12:18:52.029 -> -0.50,0.05,0.86,-0.06,0.24,-0.67
12:18:52.123 -> -0.50,0.05,0.86,-0.18,0.18,-0.79
12:18:52.206 -> -0.50,0.05,0.86,-0.55,0.24,-0.67
12:18:52.302 -> -0.50,0.05,0.86,-0.31,0.31,-0.73
12:18:52.397 -> -0.50,0.05,0.86,-0.31,0.43,-0.79
12:18:52.492 -> -0.50,0.05,0.86,-0.31,0.43,-0.67
12:18:52.635 -> -0.50,0.05,0.86,-0.37,0.37,-0.73
12:18:52.731 -> -0.50,0.05,0.86,-0.06,0.37,-0.73
12:18:52.827 -> -0.50,0.05,0.86,-0.12,0.31,-0.61
12:18:52.922 -> -0.50,0.05,0.86,-0.37,0.31,-0.73
12:18:53.017 -> -0.50,0.05,0.86,-0.67,0.24,-0.79
12:18:53.110 -> -0.50,0.05,0.86,-0.67,0.31,-0.79
12:18:53.205 -> -0.50,0.05,0.86,-0.49,0.37,-0.67
12:18:53.300 -> -0.50,0.05,0.86,-0.24,0.31,-0.73
12:18:53.395 -> -0.50,0.05,0.86,-0.24,0.31,-0.85
12:18:53.489 -> -0.50,0.05,0.86,-0.37,0.43,-0.67
12:18:53.631 -> -0.50,0.05,0.86,-0.06,0.43,-0.79
12:18:53.727 -> -0.50,0.04,0.86,-0.06,0.31,-0.85
12:18:53.821 -> -0.50,0.05,0.86,-0.43,0.24,-0.73
12:18:53.916 -> -0.50,0.05,0.86,-0.55,0.24,-0.73
12:18:54.011 -> -0.50,0.05,0.86,-0.18,0.24,-0.73
12:18:54.105 -> -0.50,0.05,0.86,0.06,0.24,-0.73
12:18:54.201 -> -0.50,0.05,0.86,0.00,0.31,-0.67
12:18:54.297 -> -0.50,0.05,0.86,0.00,0.18,-0.85
12:18:54.392 -> -0.50,0.05,0.86,0.24,0.31,-0.85
12:18:54.537 -> -0.50,0.05,0.86,-0.43,0.31,-0.92
12:18:54.632 -> -0.50,0.04,0.86,-1.16,0.43,-0.67
12:18:54.729 -> -0.50,0.04,0.86,-0.85,0.73,0.00
12:18:54.835 -> -0.50,0.04,0.86,-0.67,0.31,-0.73
12:18:54.933 -> -0.50,0.04,0.86,0.06,0.31,-0.79
12:18:55.018 -> -0.50,0.04,0.86,0.18,0.31,-0.79
12:18:55.122 -> -0.50,0.04,0.86,0.12,0.06,-0.92
12:18:55.218 -> -0.50,0.04,0.86,-0.18,0.31,-0.61
12:18:55.314 -> -0.50,0.04,0.86,-0.31,0.43,-0.73
12:18:55.410 -> -0.50,0.04,0.86,-0.31,0.37,-0.92
12:18:55.506 -> -0.50,0.04,0.86,-0.12,0.24,-0.85
12:18:55.601 -> -0.50,0.04,0.86,-0.43,0.55,-0.55
12:18:55.698 -> -0.50,0.04,0.86,-0.31,0.43,-0.79
12:18:55.794 -> -0.50,0.04,0.86,-0.55,0.43,-0.67
12:18:55.890 -> -0.50,0.04,0.86,-0.18,0.31,-0.79
12:18:56.035 -> -0.50,0.04,0.86,-0.18,0.24,-0.85
12:18:56.130 -> -0.50,0.04,0.86,-0.18,0.37,-0.61
12:18:56.231 -> -0.50,0.04,0.86,0.06,0.31,-0.73
12:18:56.326 -> -0.50,0.04,0.86,-0.43,0.24,-0.73
12:18:56.422 -> -0.50,0.04,0.86,-0.37,0.37,-0.55
12:18:56.519 -> -0.50,0.04,0.87,0.37,0.24,-0.49
12:18:56.615 -> -0.50,0.04,0.86,0.24,0.31,-0.79
12:18:56.712 -> -0.50,0.04,0.86,0.43,0.31,-1.16
12:18:56.808 -> -0.50,0.04,0.86,0.06,0.31,-0.98
12:18:56.905 -> -0.50,0.05,0.86,0.18,0.37,-0.55
12:18:57.002 -> -0.50,0.04,0.86,0.98,0.55,-0.37
12:18:57.098 -> -0.50,0.04,0.86,0.55,-0.18,-1.59
12:18:57.193 -> -0.50,0.04,0.86,0.73,0.18,-0.92
12:18:57.337 -> -0.50,0.05,0.86,-0.73,0.37,-0.79
12:18:57.434 -> -0.50,0.05,0.86,-0.24,0.37,-0.98
12:18:57.530 -> -0.50,0.06,0.87,0.12,0.67,-1.71
12:18:57.626 -> -0.50,0.05,0.86,0.37,0.18,-1.46
12:18:57.721 -> -0.50,0.05,0.86,0.55,0.18,-0.79
12:18:57.818 -> -0.50,0.05,0.87,-6.53,0.24,-2.01
12:18:57.914 -> -0.50,0.04,0.86,1.22,0.31,-0.92
12:18:58.010 -> -0.50,0.04,0.86,-0.92,-0.37,-1.65
12:18:58.106 -> -0.50,0.04,0.86,0.61,0.37,-0.79
12:18:58.202 -> -0.50,0.04,0.86,0.31,0.43,-0.18
12:18:58.296 -> -0.51,0.04,0.86,-0.18,0.61,-0.06
12:18:58.390 -> -0.50,0.04,0.86,0.00,0.85,0.18
12:18:58.525 -> -0.50,0.04,0.86,-0.18,-0.06,-0.73
12:18:58.620 -> -0.50,0.04,0.86,0.85,0.61,-0.12
12:18:58.716 -> -0.50,0.05,0.86,0.12,0.55,-0.67
12:18:58.812 -> -0.51,0.03,0.87,-2.62,0.24,-0.43
12:18:58.907 -> -0.50,0.06,0.86,1.10,0.61,0.55
12:18:59.002 -> -0.51,0.06,0.86,0.55,0.61,-0.31
12:18:59.100 -> -0.50,0.05,0.86,-1.10,0.85,0.73
12:18:59.195 -> -0.50,0.06,0.86,0.98,0.49,0.18
12:18:59.291 -> -0.51,0.05,0.86,-0.43,0.24,-0.98
12:18:59.435 -> -0.50,0.04,0.86,-0.06,0.49,-0.43
12:18:59.533 -> -0.50,0.05,0.86,0.67,0.12,-0.98
12:18:59.627 -> -0.51,0.05,0.86,-0.06,0.79,0.00
12:18:59.718 -> -0.50,0.05,0.86,-0.43,0.12,-0.85
12:18:59.814 -> -0.51,0.05,0.86,0.06,0.00,-1.28
12:18:59.909 -> -0.50,0.06,0.86,-0.18,0.18,-1.28
12:19:00.006 -> -0.50,0.05,0.86,0.24,0.12,-1.04
12:19:00.100 -> -0.50,0.05,0.86,-0.06,0.37,-1.89
12:19:00.194 -> -0.51,0.04,0.86,0.67,1.59,-0.61
12:19:00.336 -> -0.49,0.05,0.86,-0.79,0.73,-0.37
12:19:00.431 -> -0.51,0.05,0.86,-1.34,-0.37,-1.34
12:19:00.526 -> -0.50,0.06,0.86,0.79,1.22,0.79
12:19:00.622 -> -0.51,0.04,0.86,-0.55,0.12,-0.61
12:19:00.717 -> -0.50,0.05,0.86,0.12,0.12,-0.85
12:19:00.814 -> -0.51,0.05,0.86,0.55,0.12,-1.22
12:19:00.909 -> -0.50,0.05,0.86,0.37,0.06,-1.46
12:19:01.004 -> -0.51,0.06,0.86,0.49,-0.06,-1.65
12:19:01.098 -> -0.50,0.05,0.86,-0.49,0.24,-0.98
12:19:01.192 -> -0.50,0.05,0.86,0.61,0.43,-0.73
12:19:01.334 -> -0.51,0.05,0.86,-0.67,0.18,-0.73
12:19:01.430 -> -0.50,0.05,0.86,-1.10,0.31,-0.73
12:19:01.524 -> -0.50,0.05,0.86,-0.49,0.37,-0.98
12:19:01.618 -> -0.50,0.06,0.86,-0.55,0.18,-1.04
12:19:01.713 -> -0.50,0.04,0.86,0.12,0.24,-0.92
12:19:01.808 -> -0.50,0.05,0.86,-0.37,0.12,-1.28
12:19:01.903 -> -0.50,0.06,0.86,-0.31,0.00,-1.28
12:19:01.998 -> -0.50,0.05,0.86,0.31,0.00,-0.98
12:19:02.092 -> -0.50,0.05,0.86,-0.24,0.06,-0.85
12:19:02.225 -> -0.50,0.05,0.86,0.43,0.18,-0.43
12:19:02.306 -> -0.50,0.05,0.86,0.49,0.31,-0.55
12:19:02.402 -> -0.50,0.05,0.86,0.06,0.24,-0.61
12:19:02.531 -> -0.50,0.05,0.86,-0.61,0.43,-0.61
12:19:02.627 -> -0.50,0.05,0.86,-0.31,0.31,-0.37
12:19:02.713 -> -0.50,0.05,0.86,-0.73,0.67,-0.24
12:19:02.809 -> -0.50,0.05,0.86,-1.22,0.67,-0.18
12:19:02.914 -> -0.50,0.05,0.86,-1.04,0.55,-0.31
12:19:03.009 -> -0.50,0.05,0.86,-0.79,0.31,-0.92
12:19:03.104 -> -0.50,0.05,0.86,-0.24,0.31,-0.85
12:19:03.210 -> -0.50,0.04,0.86,0.61,0.31,-1.04
12:19:03.306 -> -0.50,0.05,0.86,0.85,0.24,-1.04
12:19:03.401 -> -0.50,0.05,0.86,0.55,0.24,-1.04
12:19:03.498 -> -0.50,0.05,0.86,0.24,0.18,-1.10
12:19:03.593 -> -0.50,0.05,0.86,0.00,0.18,-0.92
12:19:03.689 -> -0.50,0.05,0.86,1.10,-0.61,-1.89
12:19:03.833 -> -0.51,0.06,0.86,1.10,0.55,-0.79
12:19:03.929 -> -0.50,0.05,0.86,1.77,0.67,-0.24
12:19:04.025 -> -0.50,0.05,0.86,0.24,0.00,-1.77
12:19:04.119 -> -0.50,0.06,0.86,0.43,0.49,-0.85
12:19:04.213 -> -0.50,0.06,0.86,-0.31,0.12,-0.79
12:19:04.297 -> -0.50,0.06,0.86,0.37,0.73,0.00
12:19:04.393 -> -0.49,0.06,0.86,-0.24,0.06,-1.34
12:19:04.537 -> -0.50,0.05,0.86,0.49,0.49,-0.79
12:19:04.634 -> -0.51,0.06,0.86,0.92,0.67,-0.31
12:19:04.729 -> -0.51,0.05,0.86,0.61,0.37,-0.31
12:19:04.825 -> -0.50,0.06,0.86,0.55,0.31,-1.22
12:19:04.922 -> -0.50,0.06,0.86,0.55,-0.06,-1.46
12:19:05.017 -> -0.50,0.06,0.86,1.22,0.00,-1.46
12:19:05.113 -> -0.50,0.06,0.86,1.59,0.24,-0.92
12:19:05.208 -> -0.50,0.06,0.86,0.92,0.31,-0.73
12:19:05.305 -> -0.50,0.07,0.86,0.98,0.37,-0.61
12:19:05.400 -> -0.50,0.07,0.86,0.31,-0.06,-1.34
12:19:05.497 -> -0.50,0.07,0.86,0.24,0.00,-1.22
12:19:05.592 -> -0.50,0.07,0.86,-0.18,0.31,-0.55
12:19:05.737 -> -0.50,0.07,0.86,-0.67,0.06,-0.55
12:19:05.832 -> -0.50,0.06,0.86,-0.06,0.31,-0.73
12:19:05.927 -> -0.50,0.07,0.86,0.79,0.24,-0.98
12:19:06.023 -> -0.50,0.07,0.86,0.24,0.00,-1.22
12:19:06.118 -> -0.50,0.07,0.86,-0.31,-0.06,-1.22
12:19:06.212 -> -0.50,0.07,0.86,-0.06,0.12,-1.10
12:19:06.306 -> -0.50,0.07,0.86,-0.37,0.06,-1.04
12:19:06.403 -> -0.50,0.07,0.86,-0.06,0.31,-0.67
12:19:06.533 -> -0.50,0.07,0.86,0.55,0.31,-0.85
12:19:06.630 -> -0.50,0.07,0.86,-0.06,0.12,-0.92
12:19:06.726 -> -0.50,0.07,0.86,0.31,0.37,-0.67
12:19:06.822 -> -0.50,0.07,0.86,0.00,0.18,-0.98
12:19:06.917 -> -0.50,0.07,0.86,-0.49,0.31,-0.67
12:19:07.000 -> -0.50,0.07,0.86,-0.49,0.24,-0.73
12:19:07.096 -> -0.50,0.07,0.86,0.00,0.24,-0.67
12:19:07.192 -> -0.50,0.07,0.86,0.43,0.31,-0.79
12:19:07.336 -> -0.50,0.07,0.86,0.00,0.43,-0.73
12:19:07.424 -> -0.50,0.07,0.86,0.85,0.73,-0.37
12:19:07.520 -> -0.50,0.08,0.86,-0.24,0.61,-0.67
12:19:07.615 -> -0.50,0.07,0.86,0.43,0.98,0.00
12:19:07.714 -> -0.50,0.07,0.86,0.00,0.49,-0.43
12:19:07.810 -> -0.50,0.07,0.86,-0.79,0.37,-0.55
12:19:07.906 -> -0.50,0.07,0.86,-0.37,0.61,0.06
12:19:08.003 -> -0.50,0.07,0.86,-0.49,0.49,-0.31
12:19:08.097 -> -0.50,0.07,0.86,-0.06,0.49,-0.67
12:19:08.215 -> -0.50,0.07,0.86,-0.24,0.24,-0.79
12:19:08.312 -> -0.50,0.07,0.86,-0.24,0.37,-0.73
